block,p_depth_frac,t_f_mm,s_mm,t_f_over_s,d_K_asbuilt,d_K_thin_face,d_K_first_order,dK_asbuilt_over_thin,dK_asbuilt_over_first_order,d_M,zeta_asbuilt,zeta_thin_face,d_K_monolithic,d_M_monolithic,zeta_monolithic,d_K_sandwich,d_M_sandwich,zeta_sandwich,d_M_asbuilt,dK_ratio_mono_over_sw,dK_ratio_mono_over_asbuilt,d_K,dM_ratio_sw_over_mono,dM_ratio_asbuilt_over_mono,dM_ratio_asbuilt_over_sw,law,m,n,xi_star,r_star_mm,xi_d,s_bar,sigma_rel,cond2,det_F,crlb_xi_mm,crlb_s_pp,crlb_xi_ratio_sw_over_mono,crlb_s_ratio_sw_over_mono,cond2_ratio_sw_over_mono,crlb_xi_ratio_asbuilt_over_mono,crlb_s_ratio_asbuilt_over_mono,cond2_ratio_asbuilt_over_mono,abs_err_over_floor_max,abs_err_over_floor_m0,worst_mode,d_K_local_target,depth_mm_monolithic,depth_mm_sandwich,depth_mm_asbuilt,depth_ratio_sw_over_mono,depth_ratio_asbuilt_over_mono
asbuilt_section,0.02,1.0,5.1000000000000005,0.19607843137254902,0.01417433809178692,0.010101010101010102,0.013982966924143395,1.4032594710869049,1.013686020190257,0.01,0.7055003157991787,0.99,,,,,,,,,,,,,,,,,,,,,,,,,,,,,,,,,,,,,,,,
asbuilt_section,0.05,1.0,5.1000000000000005,0.19607843137254902,0.035627475934163155,0.025641025641025644,0.03519356460532932,1.389471561432363,1.01232928047215,0.025,0.7017056174902225,0.975,,,,,,,,,,,,,,,,,,,,,,,,,,,,,,,,,,,,,,,,
asbuilt_section,0.1,1.0,5.1000000000000005,0.19607843137254902,0.07193104550570373,0.052631578947368425,0.07120743034055728,1.3666898646083707,1.0101620738409698,0.05,0.6951101523477131,0.95,,,,,,,,,,,,,,,,,,,,,,,,,,,,,,,,,,,,,,,,
asbuilt_section,0.2,1.0,5.1000000000000005,0.19607843137254902,0.1468724956767472,0.11111111111111112,0.1459694989106754,1.3218524610907247,1.0061862017257754,0.1,0.6808626730228018,0.9,,,,,,,,,,,,,,,,,,,,,,,,,,,,,,,,,,,,,,,,
asbuilt_section,0.25,1.0,5.1000000000000005,0.19607843137254902,0.18568389490428583,0.14285714285714285,0.18487394957983194,1.2997872643300008,1.0043810678913643,0.125,0.6731870853120221,0.875,,,,,,,,,,,,,,,,,,,,,,,,,,,,,,,,,,,,,,,,
asbuilt_section,0.3,1.0,5.1000000000000005,0.19607843137254902,0.2255208372099946,0.17647058823529413,0.22491349480968859,1.277951410856636,1.0027003377490529,0.15,0.6651270093518095,0.8499999999999999,,,,,,,,,,,,,,,,,,,,,,,,,,,,,,,,,,,,,,,,
asbuilt_section,0.5,1.0,5.1000000000000005,0.19607843137254902,0.3976021763887132,0.3333333333333333,0.3986928104575163,1.1928065291661396,0.9972644752044775,0.25,0.6287691940488502,0.75,,,,,,,,,,,,,,,,,,,,,,,,,,,,,,,,,,,,,,,,
law_vs_depth,0.02,,,,0.01417433809178692,,,,,,0.7055003157991787,,0.05880800000000008,0.02,0.3400897837028971,0.010101010101010102,0.01,0.99,0.01,5.821992000000008,4.148906257151816,,,,,,,,,,,,,,,,,,,,,,,,,,,,,,,
law_vs_depth,0.05,,,,0.035627475934163155,,,,,,0.7017056174902225,,0.1426250000000001,0.05,0.3505696757230497,0.025641025641025644,0.025,0.975,0.025,5.562375000000004,4.0032305477817225,,,,,,,,,,,,,,,,,,,,,,,,,,,,,,,
law_vs_depth,0.1,,,,0.07193104550570373,,,,,,0.6951101523477131,,0.2709999999999999,0.1,0.36900369003690053,0.052631578947368425,0.05,0.95,0.05,5.148999999999998,3.7674970257246034,,,,,,,,,,,,,,,,,,,,,,,,,,,,,,,
law_vs_depth,0.2,,,,0.1468724956767472,,,,,,0.6808626730228018,,0.4879999999999999,0.2,0.4098360655737706,0.11111111111111112,0.1,0.9,0.1,4.391999999999999,3.322609844351272,,,,,,,,,,,,,,,,,,,,,,,,,,,,,,,
law_vs_depth,0.25,,,,0.18568389490428583,,,,,,0.6731870853120221,,0.578125,0.25,0.43243243243243246,0.14285714285714285,0.125,0.875,0.125,4.046875,3.113490269568102,,,,,,,,,,,,,,,,,,,,,,,,,,,,,,,
law_vs_depth,0.3,,,,0.2255208372099946,,,,,,0.6651270093518095,,0.657,0.3,0.45662100456621,0.17647058823529413,0.15,0.8499999999999999,0.15,3.723,2.913256300960926,,,,,,,,,,,,,,,,,,,,,,,,,,,,,,,
law_vs_depth,0.5,,,,0.3976021763887132,,,,,,0.6287691940488502,,0.875,0.5,0.5714285714285714,0.3333333333333333,0.25,0.75,0.25,2.625,2.200692179170976,,,,,,,,,,,,,,,,,,,,,,,,,,,,,,,
coupling_at_fixed_dK,,,,,,,,,,,,,,0.003344506587403595,,,0.009900990099009901,,0.0070622947802038705,,,0.01,2.9603739266951874,2.1116103663250567,0.7132917728005909,,,,,,,,,,,,,,,,,,,,,,,,,,,
coupling_at_fixed_dK,,,,,,,,,,,,,,0.016952427508441503,,,0.047619047619047616,,0.03495600296807176,,,0.05,2.8089810497839083,2.062005748183576,0.7340760623295071,,,,,,,,,,,,,,,,,,,,,,,,,,,
coupling_at_fixed_dK,,,,,,,,,,,,,,0.03451061539437028,,,0.09090909090909091,,0.06898689282029327,,,0.1,2.634235578537986,1.9990050027200357,0.758855821023226,,,,,,,,,,,,,,,,,,,,,,,,,,,
coupling_at_fixed_dK,,,,,,,,,,,,,,0.07168223327744416,,,0.16666666666666669,,0.13406210747198535,,,0.2,2.3250763689460934,1.8702278283253475,0.8043726448319121,,,,,,,,,,,,,,,,,,,,,,,,,,,
coupling_at_fixed_dK,,,,,,,,,,,,,,0.2062994740159002,,,0.3333333333333333,,0.3032448179430251,,,0.5,1.6157740339543578,1.4699253082906696,0.9097344538290754,,,,,,,,,,,,,,,,,,,,,,,,,,,
sign_reversal,,,,,,,,,,,,,,,,,,,,,,,,,,exact,0.0,0.0,0.6293125062531266,28.716252632316163,,,,,,,,,,,,,,,,,,,,,,
sign_reversal,,,,,,,,,,,,,,,,,,,,,,,,,,exact,1.0,0.0,0.6332340670335168,28.799232858429217,,,,,,,,,,,,,,,,,,,,,,
sign_reversal,,,,,,,,,,,,,,,,,,,,,,,,,,exact,2.0,0.0,0.7057829414707354,30.33436704152076,,,,,,,,,,,,,,,,,,,,,,
sign_reversal,,,,,,,,,,,,,,,,,,,,,,,,,,exact,3.0,0.0,0.9660765382691346,35.8421795497749,,,,,,,,,,,,,,,,,,,,,,
sign_reversal,,,,,,,,,,,,,,,,,,,,,,,,,,sandwich,0.0,0.0,0.5204891945972987,26.41355135767884,,,,,,,,,,,,,,,,,,,,,,
sign_reversal,,,,,,,,,,,,,,,,,,,,,,,,,,sandwich,1.0,0.0,0.5249009504752377,26.506904112056027,,,,,,,,,,,,,,,,,,,,,,
sign_reversal,,,,,,,,,,,,,,,,,,,,,,,,,,sandwich,2.0,0.0,0.5557832416208105,27.16037339269635,,,,,,,,,,,,,,,,,,,,,,
sign_reversal,,,,,,,,,,,,,,,,,,,,,,,,,,sandwich,3.0,0.0,0.6278419209604803,28.68513504752376,,,,,,,,,,,,,,,,,,,,,,
sign_reversal,,,,,,,,,,,,,,,,,,,,,,,,,,sandwich_asbuilt,0.0,0.0,0.5499009004502252,27.035903053526766,,,,,,,,,,,,,,,,,,,,,,
sign_reversal,,,,,,,,,,,,,,,,,,,,,,,,,,sandwich_asbuilt,1.0,0.0,0.5552930465232617,27.150000864432222,,,,,,,,,,,,,,,,,,,,,,
sign_reversal,,,,,,,,,,,,,,,,,,,,,,,,,,sandwich_asbuilt,2.0,0.0,0.5954890445222611,28.00054818209105,,,,,,,,,,,,,,,,,,,,,,
sign_reversal,,,,,,,,,,,,,,,,,,,,,,,,,,sandwich_asbuilt,3.0,0.0,0.6964692346173087,30.137289004502254,,,,,,,,,,,,,,,,,,,,,,
identifiability,,,,,,,,,,,,,,,,,,,,,,,,,,exact,,,,,0.2,0.01,0.001,194.53116100367006,159323254.39005977,2.6259554194111723,0.3357123446595685,,,,,,,,,,,,,,,
identifiability,,,,,,,,,,,,,,,,,,,,,,,,,,sandwich,,,,,0.2,0.01,0.001,211.9530703834221,127072679.59443516,2.900306235422352,0.39847524037682047,,,,,,,,,,,,,,,
identifiability,,,,,,,,,,,,,,,,,,,,,,,,,,sandwich_asbuilt,,,,,0.2,0.01,0.001,204.0431067765737,140295545.98282287,2.776183678099305,0.3700469345615646,,,,,,,,,,,,,,,
identifiability_ratio,,,,,,,,,,,,,,,,,,,,,,,,,,,,,,,0.2,0.01,0.001,,,,,1.1044765703115775,1.1869543873368646,1.089558450635183,1.0572089905173712,1.1022738378501193,1.0488967717245268,,,,,,,,,
identifiability,,,,,,,,,,,,,,,,,,,,,,,,,,exact,,,,,0.2,0.05,0.001,39.628138695673314,3963690343.422958,0.5262378665910286,0.33689463781368456,,,,,,,,,,,,,,,
identifiability,,,,,,,,,,,,,,,,,,,,,,,,,,sandwich,,,,,0.2,0.05,0.001,42.691289213413704,3290831896.3584495,0.5715114182039563,0.38876970846002246,,,,,,,,,,,,,,,
identifiability,,,,,,,,,,,,,,,,,,,,,,,,,,sandwich_asbuilt,,,,,0.2,0.05,0.001,41.454584664927175,3534777729.994627,0.5534527875882409,0.36802727150787506,,,,,,,,,,,,,,,
identifiability_ratio,,,,,,,,,,,,,,,,,,,,,,,,,,,,,,,0.2,0.05,0.001,,,,,1.086032485473176,1.1539801018591063,1.0772973603747589,1.0517160066293039,1.0924105942921183,1.0460896229136616,,,,,,,,,
identifiability,,,,,,,,,,,,,,,,,,,,,,,,,,exact,,,,,0.5,0.01,0.001,33.21068710567141,75586648.35155654,1.3067109878367764,0.3139650365324792,,,,,,,,,,,,,,,
identifiability,,,,,,,,,,,,,,,,,,,,,,,,,,sandwich,,,,,0.5,0.01,0.001,8.09550989651,64968426.32028494,0.6646351239255694,0.5753854858051529,,,,,,,,,,,,,,,
identifiability,,,,,,,,,,,,,,,,,,,,,,,,,,sandwich_asbuilt,,,,,0.5,0.01,0.001,16.307078110673658,68594408.35934141,0.9356223092534378,0.4608399499280707,,,,,,,,,,,,,,,
identifiability_ratio,,,,,,,,,,,,,,,,,,,,,,,,,,,,,,,0.5,0.01,0.001,,,,,0.5086320771097627,1.8326419150357534,0.24376219229524837,0.7160131949317534,1.4678065908794196,0.49101899213307415,,,,,,,,,
identifiability,,,,,,,,,,,,,,,,,,,,,,,,,,exact,,,,,0.5,0.05,0.001,6.667550769671609,1851319603.3454096,0.2575023020801065,0.32180909588584494,,,,,,,,,,,,,,,
identifiability,,,,,,,,,,,,,,,,,,,,,,,,,,sandwich,,,,,0.5,0.05,0.001,3.282275513352992,1814568304.8356268,0.1612059567236149,0.511512548930677,,,,,,,,,,,,,,,
identifiability,,,,,,,,,,,,,,,,,,,,,,,,,,sandwich_asbuilt,,,,,0.5,0.05,0.001,4.123835627827342,1767919894.1206756,0.19383170952346426,0.4464749982091957,,,,,,,,,,,,,,,
identifiability_ratio,,,,,,,,,,,,,,,,,,,,,,,,,,,,,,,0.5,0.05,0.001,,,,,0.6260369535394106,1.5894906497985544,0.49227604359353844,0.7527377734400412,1.3873908597275117,0.6184933224033702,,,,,,,,,
identifiability,,,,,,,,,,,,,,,,,,,,,,,,,,exact,,,,,0.8,0.01,0.001,21.3778693777211,56005182.99906795,1.1300217042071004,0.3302144463954671,,,,,,,,,,,,,,,
identifiability,,,,,,,,,,,,,,,,,,,,,,,,,,sandwich,,,,,0.8,0.01,0.001,127.0997012162734,343331258.86077386,1.75113447068824,0.3340568843730306,,,,,,,,,,,,,,,
identifiability,,,,,,,,,,,,,,,,,,,,,,,,,,sandwich_asbuilt,,,,,0.8,0.01,0.001,78.9236872655179,184426859.50132367,1.6116224950365412,0.3409993364430621,,,,,,,,,,,,,,,
identifiability_ratio,,,,,,,,,,,,,,,,,,,,,,,,,,,,,,,0.8,0.01,0.001,,,,,1.5496467582602356,1.0116361898139423,5.945386744140652,1.4261872042248644,1.0326602611282454,3.691840654044226,,,,,,,,,
identifiability,,,,,,,,,,,,,,,,,,,,,,,,,,exact,,,,,0.8,0.05,0.001,5.250555889500028,1496334648.5992072,0.2407958086202142,0.3340546570847269,,,,,,,,,,,,,,,
identifiability,,,,,,,,,,,,,,,,,,,,,,,,,,sandwich,,,,,0.8,0.05,0.001,17.92891590486782,6583795566.969053,0.30693829185883276,0.33520688080489225,,,,,,,,,,,,,,,
identifiability,,,,,,,,,,,,,,,,,,,,,,,,,,sandwich_asbuilt,,,,,0.8,0.05,0.001,14.336293805128323,4298301735.854481,0.3052951863613816,0.3401195450960857,,,,,,,,,,,,,,,
identifiability_ratio,,,,,,,,,,,,,,,,,,,,,,,,,,,,,,,0.8,0.05,0.001,,,,,1.274682867686203,1.003449207175319,3.4146700429799752,1.2678592211000503,1.0181553763216076,2.7304335211054127,,,,,,,,,
identifiability,,,,,,,,,,,,,,,,,,,,,,,,,,exact,,,,,0.95,0.01,0.001,85.21748574072843,7188135.007867872,3.7709658182473227,0.5453775379548995,,,,,,,,,,,,,,,
identifiability,,,,,,,,,,,,,,,,,,,,,,,,,,sandwich,,,,,0.95,0.01,0.001,414.5412862026393,48393379.948592626,5.16254795579615,0.811725196845918,,,,,,,,,,,,,,,
identifiability,,,,,,,,,,,,,,,,,,,,,,,,,,sandwich_asbuilt,,,,,0.95,0.01,0.001,272.02212131021145,27188829.938073605,4.830665070921416,0.7204478055759987,,,,,,,,,,,,,,,
identifiability_ratio,,,,,,,,,,,,,,,,,,,,,,,,,,,,,,,0.95,0.01,0.001,,,,,1.3690253915363277,1.4883729900021008,4.864509702432061,1.2810153429517488,1.321007477274535,3.192092784077558,,,,,,,,,
identifiability,,,,,,,,,,,,,,,,,,,,,,,,,,exact,,,,,0.95,0.05,0.001,18.542156100951,262807316.191239,0.7095004786349768,0.4777577867058891,,,,,,,,,,,,,,,
identifiability,,,,,,,,,,,,,,,,,,,,,,,,,,sandwich,,,,,0.95,0.05,0.001,88.11106282104181,371031706.5924238,1.4073072149913948,1.2312234167040301,,,,,,,,,,,,,,,
identifiability,,,,,,,,,,,,,,,,,,,,,,,,,,sandwich_asbuilt,,,,,0.95,0.05,0.001,55.20224570646201,473724013.9250861,1.0517247147808457,0.8164698654953333,,,,,,,,,,,,,,,
identifiability_ratio,,,,,,,,,,,,,,,,,,,,,,,,,,,,,,,0.95,0.05,0.001,,,,,1.9835183447641125,2.5770870741704512,4.751931886525468,1.4823453210409125,1.7089619221590158,2.977121182990729,,,,,,,,,
linearization,,,,,,,,,,,,,,,,,,,,,,,,,,exact,,,,,0.2,0.01,,,,,,,,,,,,0.06759711407253524,0.06759711407253524,0.0,,,,,,
linearization,,,,,,,,,,,,,,,,,,,,,,,,,,sandwich,,,,,0.2,0.01,,,,,,,,,,,,0.06966341062852356,0.06966341062852356,0.0,,,,,,
linearization,,,,,,,,,,,,,,,,,,,,,,,,,,sandwich_asbuilt,,,,,0.2,0.01,,,,,,,,,,,,0.06878449917098982,0.06878449917098982,0.0,,,,,,
linearization,,,,,,,,,,,,,,,,,,,,,,,,,,exact,,,,,0.2,0.05,,,,,,,,,,,,1.8259086247339393,1.8259086247339393,0.0,,,,,,
linearization,,,,,,,,,,,,,,,,,,,,,,,,,,sandwich,,,,,0.2,0.05,,,,,,,,,,,,1.8729153095036268,1.8729153095036268,0.0,,,,,,
linearization,,,,,,,,,,,,,,,,,,,,,,,,,,sandwich_asbuilt,,,,,0.2,0.05,,,,,,,,,,,,1.8547263447574112,1.8547263447574112,0.0,,,,,,
linearization,,,,,,,,,,,,,,,,,,,,,,,,,,exact,,,,,0.5,0.01,,,,,,,,,,,,0.04457324316315455,0.04457324316315455,0.0,,,,,,
linearization,,,,,,,,,,,,,,,,,,,,,,,,,,sandwich,,,,,0.5,0.01,,,,,,,,,,,,0.05036635805018936,0.05036635805018936,0.0,,,,,,
linearization,,,,,,,,,,,,,,,,,,,,,,,,,,sandwich_asbuilt,,,,,0.5,0.01,,,,,,,,,,,,0.04908498352923095,0.04908498352923095,0.0,,,,,,
linearization,,,,,,,,,,,,,,,,,,,,,,,,,,exact,,,,,0.5,0.05,,,,,,,,,,,,1.2442726644905124,1.2442726644905124,0.0,,,,,,
linearization,,,,,,,,,,,,,,,,,,,,,,,,,,sandwich,,,,,0.5,0.05,,,,,,,,,,,,1.4044383494353374,1.4044383494353374,0.0,,,,,,
linearization,,,,,,,,,,,,,,,,,,,,,,,,,,sandwich_asbuilt,,,,,0.5,0.05,,,,,,,,,,,,1.3650006336377636,1.3650006336377636,0.0,,,,,,
linearization,,,,,,,,,,,,,,,,,,,,,,,,,,exact,,,,,0.8,0.01,,,,,,,,,,,,0.018580385765447176,0.01330030869764031,3.0,,,,,,
linearization,,,,,,,,,,,,,,,,,,,,,,,,,,sandwich,,,,,0.8,0.01,,,,,,,,,,,,0.18447975608779607,0.18358443899261362,1.0,,,,,,
linearization,,,,,,,,,,,,,,,,,,,,,,,,,,sandwich_asbuilt,,,,,0.8,0.01,,,,,,,,,,,,0.08955534662868046,0.08904209345036734,1.0,,,,,,
linearization,,,,,,,,,,,,,,,,,,,,,,,,,,exact,,,,,0.8,0.05,,,,,,,,,,,,0.47311029516000286,0.3798730779481091,3.0,,,,,,
linearization,,,,,,,,,,,,,,,,,,,,,,,,,,sandwich,,,,,0.8,0.05,,,,,,,,,,,,3.956088034582049,3.935183581487825,1.0,,,,,,
linearization,,,,,,,,,,,,,,,,,,,,,,,,,,sandwich_asbuilt,,,,,0.8,0.05,,,,,,,,,,,,2.2015847052747546,2.1889769423050347,1.0,,,,,,
linearization,,,,,,,,,,,,,,,,,,,,,,,,,,exact,,,,,0.95,0.01,,,,,,,,,,,,0.021392109806900404,0.020602954725335455,1.0,,,,,,
linearization,,,,,,,,,,,,,,,,,,,,,,,,,,sandwich,,,,,0.95,0.01,,,,,,,,,,,,0.20384890169558925,0.2007038240898328,1.0,,,,,,
linearization,,,,,,,,,,,,,,,,,,,,,,,,,,sandwich_asbuilt,,,,,0.95,0.01,,,,,,,,,,,,0.10429625554611316,0.10218952331743358,1.0,,,,,,
linearization,,,,,,,,,,,,,,,,,,,,,,,,,,exact,,,,,0.95,0.05,,,,,,,,,,,,0.6144883128479072,0.5925959680145951,1.0,,,,,,
linearization,,,,,,,,,,,,,,,,,,,,,,,,,,sandwich,,,,,0.95,0.05,,,,,,,,,,,,4.2961068533006115,4.222281736518736,1.0,,,,,,
linearization,,,,,,,,,,,,,,,,,,,,,,,,,,sandwich_asbuilt,,,,,0.95,0.05,,,,,,,,,,,,2.564733337349752,2.510822267477106,1.0,,,,,,
machining_depth,,,,,,,,,,,,,,,,,,,,,,,,,,,,,,,,,,,,,,,,,,,,,,,0.05,0.033904855016883007,0.09523809523809525,0.06991200593614352,2.8089810497839087,2.0620057481835765
machining_depth,,,,,,,,,,,,,,,,,,,,,,,,,,,,,,,,,,,,,,,,,,,,,,,0.1,0.06902123078874056,0.1818181818181818,0.13797378564058654,2.6342355785379854,1.999005002720036
machining_depth,,,,,,,,,,,,,,,,,,,,,,,,,,,,,,,,,,,,,,,,,,,,,,,0.15,0.10546352562818084,0.2608695652173913,0.2040753441662067,2.473552478580182,1.9350324479544598
machining_depth,,,,,,,,,,,,,,,,,,,,,,,,,,,,,,,,,,,,,,,,,,,,,,,0.25,0.18287940716786033,0.4,0.3300465275436143,2.1872336869117817,1.8047222082291257
