arm,convention,a_bar,width_mm,ratio_f1,ratio_f2,ratio_f3,shift_f1_pct,shift_f2_pct,shift_f3_pct,vane_width_mm
a_exact_spring_EB,dimarogonas,0.1,0.0,0.9970112106330246,0.9999721797487515,0.9991151367710089,0.2988789366975442,0.00278202512484782,0.08848632289910618,
a_exact_spring_EB,tada,0.1,0.0,0.9962973213246376,0.9999655447182251,0.9989039576746842,0.37026786753624474,0.0034455281774925517,0.10960423253157936,
b_timoshenko_modeI,dimarogonas,0.1,0.0,0.9970151038164249,0.9999737157276406,0.9991219244849657,0.2984896183575114,0.002628427235940034,0.08780755150342712,
b_timoshenko_modeI,tada,0.1,0.0,0.9963019513064717,0.9999673289421411,0.9989123025387577,0.36980486935282997,0.003267105785886848,0.10876974612422652,
b_timoshenko_modeI+II,dimarogonas,0.1,0.0,0.997014826941445,0.9999701813470091,0.9991177108911713,0.29851730585549463,0.0029818652990898364,0.08822891088287044,
b_timoshenko_modeI+II,tada,0.1,0.0,0.9963018205461613,0.9999630645111895,0.9989071391063656,0.3698179453838657,0.0036935488810452277,0.1092860893634362,
b_timoshenko_modeI+II_c0.9,dimarogonas,0.1,0.0,0.9969558435058521,0.9999528017349991,0.9992272555389478,0.30441564941479093,0.004719826500088065,0.07727444610522438,
b_timoshenko_modeI+II_c0.9,tada,0.1,0.0,0.9962287917092522,0.9999415466369979,0.9990428345221855,0.37712082907478406,0.005845336300214221,0.09571654778145477,
d_2d_strain_slit,fem,0.1,0.0,0.9964651560477488,0.9999672805387957,0.99896745310004,0.3534843952251232,0.003271946120431135,0.10325468999600185,
d_2d_stress_slit,fem,0.1,0.0,0.9964781517091464,0.9999680881115182,0.998964942620164,0.35218482908535576,0.0031911888481839235,0.10350573798360019,
a_exact_spring_EB,dimarogonas,0.25,0.0,0.982561878367158,0.9998386387875924,0.9948547428996892,1.7438121632841974,0.016136121240761803,0.5145257100310774,
a_exact_spring_EB,tada,0.25,0.0,0.9782952352074664,0.9997995107774268,0.9936026364962779,2.170476479253358,0.0200489222573208,0.6397363503722109,
b_timoshenko_modeI,dimarogonas,0.25,0.0,0.9825846815812967,0.9998478042513146,0.9948943029830497,1.7415318418703252,0.015219574868541308,0.5105697016950295,
b_timoshenko_modeI,tada,0.25,0.0,0.9783234414809864,0.9998108964830148,0.9936518049935867,2.1676558519013622,0.018910351698520067,0.634819500641326,
b_timoshenko_modeI+II,dimarogonas,0.25,0.0,0.9825825298323572,0.9998253812760363,0.9948676868020577,1.7417470167642835,0.017461872396373757,0.5132313197942273,
b_timoshenko_modeI+II,tada,0.25,0.0,0.9783207801148415,0.9997828245891213,0.9936184583397961,2.167921988515853,0.021717541087873382,0.6381541660203882,
b_timoshenko_modeI+II_c0.9,dimarogonas,0.25,0.0,0.982236992450219,0.9997226313459958,0.995522026199513,1.7763007549780996,0.02773686540041842,0.44779738004869785,
b_timoshenko_modeI+II_c0.9,tada,0.25,0.0,0.9778935320071934,0.9996554189054877,0.9944322525452206,2.2106467992806578,0.034458109451229735,0.5567747454779393,
c_3d_notch_w2.0,fem,0.25,0.25,0.969282497523265,1.0000130098584092,0.9928492816866058,3.0717502476734992,0.0013009858409240849,0.71507183133942,2.0
c_3d_notch_w2.0,fem,0.25,1.0,0.9385579654746437,1.0004032681678143,0.9894063858690374,6.144203452535635,0.04032681678143302,1.0593614130962603,2.0
c_3d_notch_w4.1,fem,0.25,0.25,0.969438813149394,0.9999221843425798,0.9875703428597906,3.056118685060605,0.007781565742015495,1.2429657140209383,4.1000000000000005
c_3d_notch_w4.1,fem,0.25,1.0,0.939114798197718,1.0001985621461018,0.968433468672625,6.088520180228196,0.019856214610181055,3.156653132737497,4.1000000000000005
d_2d_strain_slit,fem,0.25,0.0,0.9781353809050242,0.9997921696894241,0.9936327562238894,2.1864619094975835,0.020783031057591828,0.6367243776110643,
d_2d_stress_slit,fem,0.25,0.0,0.9781807773477658,0.9997967866462755,0.9936070587461806,2.181922265223424,0.020321335372452953,0.6392941253819395,
a_exact_spring_EB,dimarogonas,0.3,0.0,0.9746817238768082,0.9997664814654441,0.9925444448033545,2.531827612319182,0.023351853455588767,0.7455555196645536,
a_exact_spring_EB,tada,0.3,0.0,0.9685600743810521,0.9997107552698887,0.9907566312722192,3.143992561894793,0.028924473011127105,0.9243368727780754,
b_timoshenko_modeI,dimarogonas,0.3,0.0,0.9747144532626946,0.9997797354688092,0.9926017233006676,2.528554673730543,0.02202645311908391,0.7398276699332351,
b_timoshenko_modeI,tada,0.3,0.0,0.9686003244896091,0.9997271774040933,0.9908276069776009,3.139967551039091,0.027282259590666325,0.9172393022399139,
b_timoshenko_modeI+II,dimarogonas,0.3,0.0,0.9747113670043865,0.9997472158371556,0.9925630655044213,2.528863299561346,0.0252784162844355,0.7436934495578695,
b_timoshenko_modeI+II,tada,0.3,0.0,0.9685965627012646,0.9996864433038827,0.9907791406354863,3.1403437298735404,0.031355669611732306,0.9220859364513667,
b_timoshenko_modeI+II_c0.9,dimarogonas,0.3,0.0,0.9742186705351528,0.9995999315959183,0.9935061456889426,2.5781329464847236,0.04000684040816882,0.6493854311057423,
b_timoshenko_modeI+II_c0.9,tada,0.3,0.0,0.9679905070788961,0.9995045511947366,0.9919487766782462,3.200949292110389,0.049544880526342094,0.8051223321753787,
d_2d_strain_slit,fem,0.3,0.0,0.9680749756394638,0.9996936382939101,0.9907108539796642,3.1925024360536236,0.0306361706089886,0.9289146020335814,
d_2d_stress_slit,fem,0.3,0.0,0.9681359640224569,0.9997002971643579,0.9906718131110223,3.186403597754306,0.029970283564206834,0.9328186888977741,
a_exact_spring_EB,dimarogonas,0.5,0.0,0.9178448626394512,0.999260284190285,0.976214857371856,8.21551373605488,0.07397158097149914,2.378514262814402,
a_exact_spring_EB,tada,0.5,0.0,0.8990371613227734,0.9990983795287514,0.9709621070788039,10.096283867722654,0.09016204712486431,2.9037892921196073,
b_timoshenko_modeI,dimarogonas,0.5,0.0,0.9179418923420661,0.9993021593134532,0.9763962464840714,8.205810765793387,0.0697840686546769,2.3603753515928583,
b_timoshenko_modeI,tada,0.5,0.0,0.8991527737845385,0.9991493595002469,0.9711828329023336,10.084722621546149,0.08506404997531414,2.881716709766635,
b_timoshenko_modeI+II,dimarogonas,0.5,0.0,0.9179343224613422,0.9992073158974784,0.9762825921841057,8.206567753865778,0.07926841025216458,2.3717407815894265,
b_timoshenko_modeI+II,tada,0.5,0.0,0.8991437397168824,0.9990294626345578,0.9710388641723083,10.085626028311756,0.097053736544217,2.8961135827691664,
b_timoshenko_modeI+II_c0.9,dimarogonas,0.5,0.0,0.9166044567900311,0.9987934992257855,0.9790266099522341,8.33955432099689,0.12065007742144696,2.0973390047765883,
b_timoshenko_modeI+II_c0.9,tada,0.5,0.0,0.8975591396447469,0.9985299733148132,0.9743898942842064,10.244086035525314,0.14700266851868093,2.5610105715793585,
c_3d_notch_w2.0,fem,0.5,0.25,0.866356947758509,0.9990831959123928,0.966145584534802,13.364305224149097,0.09168040876071926,3.3854415465197962,2.0
c_3d_notch_w2.0,fem,0.5,1.0,0.7693527325112229,0.9981685453007968,0.9540702686541256,23.064726748877707,0.18314546992032055,4.592973134587441,2.0
c_3d_notch_w4.1,fem,0.5,0.25,0.8670886593934976,0.9987896740876624,0.967833770021858,13.291134060650245,0.12103259123376064,3.2166229978142002,4.1000000000000005
c_3d_notch_w4.1,fem,0.5,1.0,0.7715582406009346,0.9976209353281384,0.9133373586778842,22.844175939906542,0.23790646718615527,8.666264132211577,4.1000000000000005
d_2d_strain_slit,fem,0.5,0.0,0.8970471590866355,0.998993788005812,0.9701569365289263,10.295284091336454,0.10062119941880443,2.9843063471073683,
d_2d_stress_slit,fem,0.5,0.0,0.8972063932532037,0.9990142479972544,0.9700210979023872,10.279360674679626,0.09857520027456435,2.997890209761278,
a_exact_spring_EB,dimarogonas,0.6,0.0,0.8615580437557624,0.9987842215365988,0.9607563040231821,13.844195624423762,0.12157784634011515,3.924369597681787,
a_exact_spring_EB,tada,0.6,0.0,0.8327685853185748,0.9985506867529405,0.9531746959796371,16.723141468142522,0.1449313247059547,4.682530402036289,
b_timoshenko_modeI,dimarogonas,0.6,0.0,0.8617068294147656,0.9988528021017861,0.9610523762235333,13.829317058523438,0.11471978982139364,3.8947623776466656,
b_timoshenko_modeI,tada,0.6,0.0,0.8329395052090791,0.9986322950719887,0.9535256546494254,16.706049479092087,0.1367704928011304,4.64743453505746,
b_timoshenko_modeI+II,dimarogonas,0.6,0.0,0.8616972319998562,0.9987090173722442,0.9608791683499073,13.830276800014385,0.12909826277558434,3.9120831650092724,
b_timoshenko_modeI+II,tada,0.6,0.0,0.8329284661096112,0.9984501452917365,0.9533058411677026,16.707153389038876,0.15498547082635206,4.669415883229744,
b_timoshenko_modeI+II_c0.9,dimarogonas,0.6,0.0,0.8598443745238442,0.9981068016258094,0.9649886501763483,14.015562547615579,0.18931983741905523,3.5011349823651727,
b_timoshenko_modeI+II_c0.9,tada,0.6,0.0,0.8307994828058313,0.9977438266959734,0.9582078730870339,16.920051719416872,0.22561733040266096,4.179212691296607,
d_2d_strain_slit,fem,0.6,0.0,0.8308784819132493,0.9983683027294714,0.951206698048028,16.91215180867507,0.1631697270528587,4.879330195197196,
d_2d_stress_slit,fem,0.6,0.0,0.8311167045055292,0.9984006883516338,0.9509797567970234,16.88832954944708,0.15993116483662417,4.902024320297659,
a_exact_spring_EB,dimarogonas,0.625,0.0,0.8424959250625202,0.9986288290473816,0.9557100628593399,15.750407493747975,0.13711709526184057,4.42899371406601,
a_exact_spring_EB,tada,0.625,0.0,0.8108513755221474,0.9983775029539602,0.9475640123882723,18.914862447785264,0.16224970460397836,5.243598761172774,
b_timoshenko_modeI,dimarogonas,0.625,0.0,0.842659679411288,0.9987060805062263,0.9560427771635749,15.734032058871195,0.12939194937736653,4.395722283642511,
b_timoshenko_modeI,tada,0.625,0.0,0.811037276342174,0.9984687398826201,0.9479549065527395,18.896272365782597,0.15312601173799179,5.204509344726049,
b_timoshenko_modeI+II,dimarogonas,0.625,0.0,0.8426497545993381,0.9985474639617198,0.9558514625905095,15.735024540066188,0.14525360382802166,4.414853740949054,
b_timoshenko_modeI+II,tada,0.625,0.0,0.8110259739637016,0.9982676702424524,0.947712011335097,18.897402603629843,0.1732329757547557,5.228798866490303,
b_timoshenko_modeI+II_c0.9,dimarogonas,0.625,0.0,0.8406722623013664,0.9978947012943042,0.9603452698066693,15.932773769863362,0.21052987056957573,3.9654730193330656,
b_timoshenko_modeI+II_c0.9,tada,0.625,0.0,0.8087806641765086,0.9975094073885895,0.953029804909066,19.121933582349136,0.24905926114104915,4.697019509093403,
c_3d_notch_w2.0,fem,0.625,0.25,0.7537292251490232,0.9979160283274756,0.9372406073788402,24.627077485097683,0.20839716725243873,6.2759392621159815,2.0
c_3d_notch_w2.0,fem,0.625,1.0,0.6121555297228222,0.994698675374072,0.9222742996671563,38.78444702771778,0.5301324625928028,7.7725700332843655,2.0
c_3d_notch_w4.1,fem,0.625,0.25,0.7545201013615158,0.99744545459181,0.9552071531504376,24.547989863848418,0.2554545408190001,4.479284684956242,4.1000000000000005
c_3d_notch_w4.1,fem,0.625,1.0,0.6144976724078842,0.9939182092137128,0.8621373185999438,38.550232759211575,0.6081790786287233,13.78626814000562,4.1000000000000005
d_2d_strain_slit,fem,0.625,0.0,0.8091968789208344,0.998171146659603,0.9450707489032606,19.080312107916562,0.1828853340396952,5.492925109673941,
d_2d_stress_slit,fem,0.625,0.0,0.8094585631063876,0.9982072428659828,0.9448142133754807,19.054143689361236,0.17927571340171644,5.518578662451934,
