config,n_vane,vane_mode,vane_arc_cells,modulation_depth,wrap_deg,n_theta,n_r,n_dof,mode,rigid,f_Hz,c_rotation,h_index,h_index_raw,deg_protected,m_dominant,m_share,alias_orders,alias_share,psi_deg,purity
c6_asbuilt,6,discrete,-1,1.0,60.0,108,18,37926,0,True,0.0076889840559151166,0.6734260219428222,1,0.7944659878683937,2,1,0.7641362925059617,1|5|7|11,0.764136292506216,153.49275318743744,0.7641362925059617
c6_asbuilt,6,discrete,-1,1.0,60.0,108,18,37926,1,True,0.00840243392167684,0.5022514787391692,1,0.9975155206377373,2,1,0.7704389406100515,1|5|7|11,0.7704389406102576,123.08686068614271,0.7704389406100515
c6_asbuilt,6,discrete,-1,1.0,60.0,108,18,37926,2,True,0.009819926638719396,0.8240943929283167,1,0.5750536035959396,2,1,0.603008860654639,1|5|7|11,0.6030088606550468,70.0557897034472,0.603008860654639
c6_asbuilt,6,discrete,-1,1.0,60.0,108,18,37926,3,True,0.010643586392926774,0.6503090884138919,1,0.8239181688374702,2,1,0.6626327160978328,1|5|7|11,0.6626327160980008,120.3913279811594,0.6626327160978328
c6_asbuilt,6,discrete,-1,1.0,60.0,108,18,37926,4,True,0.012121425302442805,0.8084062996330517,1,0.60099144074113,2,1,0.5051831869931374,1|5|7|11,0.5051831869933349,153.71005308846009,0.5051831869931374
c6_asbuilt,6,discrete,-1,1.0,60.0,108,18,37926,5,True,0.015008080443517483,0.5415127183427483,1,0.9535554062356191,2,1,0.812473028151786,1|5|7|11,0.8124730281520894,41.53360376467551,0.812473028151786
c6_asbuilt,6,discrete,-1,1.0,60.0,108,18,37926,6,False,3603.410649169251,-0.5,2,2.0,2,2,0.8639654109762858,2|4|8|10,0.9999999999860985,17.6382762706257,0.8639654109762858
c6_asbuilt,6,discrete,-1,1.0,60.0,108,18,37926,7,False,3603.410649178137,-0.4999999999999999,2,1.9999999999999998,2,2,0.8639654109843924,2|4|8|10,0.9999999999931586,62.6382762706657,0.8639654109843924
c6_asbuilt,6,discrete,-1,1.0,60.0,108,18,37926,8,False,6197.103932052163,-1.0,3,3.0,1,3,0.9557282654770106,3|9,0.9999999999757528,37.067285519493225,0.9557282654770106
c6_asbuilt,6,discrete,-1,1.0,60.0,108,18,37926,9,False,7620.51114048714,0.5,1,1.0,2,1,0.773539950030475,1|5|7|11,0.9999999999828899,139.43840519146093,0.773539950030475
c6_asbuilt,6,discrete,-1,1.0,60.0,108,18,37926,10,False,7620.511140494382,0.5000000000000001,1,0.9999999999999999,2,1,0.7735399499753411,1|5|7|11,0.9999999999106937,49.438405191769824,0.7735399499753411
c6_asbuilt,6,discrete,-1,1.0,60.0,108,18,37926,11,False,7684.692154508804,1.0,0,0.0,1,0,0.6203828292796874,0|6|12,0.9999999995759844,0.0,0.6203828292796874
c6_asbuilt,6,discrete,-1,1.0,60.0,108,18,37926,12,False,9337.120391696411,-1.0,3,3.0,1,3,0.9258245419559932,3|9,0.999999999899767,11.127216355670614,0.9258245419559932
c6_asbuilt,6,discrete,-1,1.0,60.0,108,18,37926,13,False,9995.68361458847,-0.5,2,2.0,2,2,0.48156333045944366,2|4|8|10,0.9999999998496993,75.16802851786127,0.48156333045944366
c6_asbuilt,6,discrete,-1,1.0,60.0,108,18,37926,14,False,9995.683614683692,-0.5,2,2.0,2,2,0.4815633305420709,2|4|8|10,0.9999999999928857,30.16802851823574,0.4815633305420709
c6_asbuilt,6,discrete,-1,1.0,60.0,108,18,37926,15,False,11182.069947162978,-0.9999999999999998,3,2.999999979876362,1,3,0.7947120703103349,3|9,0.9999999991069166,15.900645224998305,0.7947120703103349
c6_asbuilt,6,discrete,-1,1.0,60.0,108,18,37926,16,False,11237.84524093459,-0.5,2,2.0,2,2,0.4086914143465268,2|4|8|10,0.999999999503317,67.2715329653943,0.4086914143465268
c6_asbuilt,6,discrete,-1,1.0,60.0,108,18,37926,17,False,11237.845240944134,-0.5000000000000001,2,2.0,2,2,0.40869141453395597,2|4|8|10,0.9999999999403125,22.271532965985614,0.40869141453395597
c6_asbuilt,6,discrete,-1,1.0,60.0,108,18,37926,18,False,11352.6482882042,0.5000000000000001,1,0.9999999999999999,2,1,0.4195919479225329,1|5|7|11,0.9999999990655523,3.4476970380086893,0.4195919479225329
c6_asbuilt,6,discrete,-1,1.0,60.0,108,18,37926,19,False,11352.648288314227,0.4999999999999999,1,1.0,2,1,0.4195919483038237,1|5|7|11,0.9999999999613328,93.4476970381496,0.4195919483038237
c6_asbuilt,6,discrete,-1,1.0,60.0,108,18,37926,20,False,11412.415336843047,1.0,0,0.0,1,6,0.532661708202737,0|6|12,0.9999999992051002,18.94792582978281,0.532661708202737
c6_asbuilt,6,discrete,-1,1.0,60.0,108,18,37926,21,False,12262.369579429966,-0.5,2,2.0,2,4,0.5736805595727674,2|4|8|10,0.9999999998381969,4.6910403386727175,0.5736805595727674
c6_asbuilt,6,discrete,-1,1.0,60.0,108,18,37926,22,False,12262.369579542592,-0.5,2,2.0,2,4,0.573680559677473,2|4|8|10,0.9999999999905279,27.191040337901793,0.573680559677473
c6_asbuilt,6,discrete,-1,1.0,60.0,108,18,37926,23,False,13503.25180241064,-1.0,3,3.0,1,3,0.8290677649277634,3|9,0.9999999998744886,2.1867708131736676,0.8290677649277634
c6_asbuilt,6,discrete,-1,1.0,60.0,108,18,37926,24,False,14120.765989465961,0.5,1,1.0,2,5,0.6347481857189207,1|5|7|11,0.999999999934775,35.2708503112376,0.6347481857189207
c6_asbuilt,6,discrete,-1,1.0,60.0,108,18,37926,25,False,14120.765989479101,0.4999999999999999,1,1.0,2,5,0.6347481857557613,1|5|7|11,0.9999999999902344,17.27085031118577,0.6347481857557613
c6_asbuilt,6,discrete,-1,1.0,60.0,108,18,37926,26,False,14392.832477762366,1.0,0,0.0,1,6,0.8721853034113777,0|6|12,0.9999999998779319,23.8887007701842,0.8721853034113777
c6_asbuilt,6,discrete,-1,1.0,60.0,108,18,37926,27,False,14903.630276147382,-0.4999999999999999,2,1.9999999999999998,2,2,0.5656313425647467,2|4|8|10,0.9999999988606038,53.69996646719175,0.5656313425647467
c6_asbuilt,6,discrete,-1,1.0,60.0,108,18,37926,28,False,14903.630276159833,-0.4999999999999998,2,1.9999999999999998,2,2,0.5656313428385791,2|4|8|10,0.9999999997341783,8.699966469919662,0.5656313428385791
c6_asbuilt,6,discrete,-1,1.0,60.0,108,18,37926,29,False,19046.519773983717,1.0,0,0.0,1,6,0.7585523613546302,0|6|12,0.9999999999363043,9.681387720090994,0.7585523613546302
c6_web,6,web,-1,0.0,60.0,108,18,43092,0,True,0.01179126213090314,0.6749694848428421,1,0.7924703237965249,2,1,0.6559007834123813,1|5|7|11,0.6559007834124171,59.911495201329274,0.6559007834123813
c6_web,6,web,-1,0.0,60.0,108,18,43092,1,True,0.011969509835550812,0.9007688772251886,0,0.4290113752915276,2,1,0.6373909210297138,0|6|12,0.3626090789691399,28.030913965573074,0.6373909210297138
c6_web,6,web,-1,0.0,60.0,108,18,43092,2,True,0.012802689333485074,0.5676115914296551,1,0.9236026311430023,2,1,0.8796104444820326,1|5|7|11,0.8796104444820716,124.37584907025814,0.8796104444820326
c6_web,6,web,-1,0.0,60.0,108,18,43092,3,True,0.012938610496182678,0.5171737340143066,1,0.9809523101857873,2,1,0.7296361105856827,1|5|7|11,0.7296361105857242,79.44078291934274,0.7296361105856827
c6_web,6,web,-1,0.0,60.0,108,18,43092,4,True,0.013568159715526454,0.6927904865022877,1,0.7691432000082311,2,1,0.6174838807101057,1|5|7|11,0.6174838807101275,115.66790140054374,0.6174838807101057
c6_web,6,web,-1,0.0,60.0,108,18,43092,5,True,0.01434008671073141,0.6466858259857194,1,0.8284634850174115,2,1,0.6683863942863199,1|5|7|11,0.6683863942863544,175.55982743002332,0.6683863942863199
c6_web,6,web,-1,0.0,60.0,108,18,43092,6,False,4731.961215400824,-0.49999999999999994,2,1.9999999999999998,2,2,0.9999999999944856,2|4|8|10,0.9999999999951569,56.650837239433734,0.9999999999944856
c6_web,6,web,-1,0.0,60.0,108,18,43092,7,False,4731.9612154121005,-0.5000000000000001,2,2.0,2,2,0.9999999999964311,2|4|8|10,0.9999999999965854,11.650837239425622,0.9999999999964311
c6_web,6,web,-1,0.0,60.0,108,18,43092,8,False,9022.79942699789,1.0,0,0.0,1,0,0.9999999999193233,0|6|12,0.9999999999238631,0.0,0.9999999999193233
c6_web,6,web,-1,0.0,60.0,108,18,43092,9,False,12045.19451313391,-1.0,3,3.0,1,3,0.9999999999770296,3|9,0.9999999999774429,26.961803166618424,0.9999999999770296
c6_web,6,web,-1,0.0,60.0,108,18,43092,10,False,12045.194513139495,-1.0,3,3.0,1,3,0.9999999999769988,3|9,0.9999999999774027,56.96180316664448,0.9999999999769988
c6_web,6,web,-1,0.0,60.0,108,18,43092,11,False,15420.503971048385,-0.49999999999999994,2,1.9999999999999998,2,2,0.9999999868675621,2|4|8|10,0.9999999884698467,71.05854535343,0.9999999868675621
c6_web,6,web,-1,0.0,60.0,108,18,43092,12,False,15420.503971119058,-0.5,2,2.0,2,2,0.9999999979461622,2|4|8|10,0.999999998045543,26.058545355348457,0.9999999979461622
c6_web,6,web,-1,0.0,60.0,108,18,43092,13,False,15834.498804464194,0.49999999999999994,1,1.0,2,1,0.9999999999029394,1|5|7|11,0.9999999999213962,15.155837019683613,0.9999999999029394
c6_web,6,web,-1,0.0,60.0,108,18,43092,14,False,15834.498804571538,0.5,1,1.0,2,1,0.9999999999689034,1|5|7|11,0.9999999999740495,105.15583701966415,0.9999999999689034
c6_web,6,web,-1,0.0,60.0,108,18,43092,15,False,21031.090544133247,-0.49999999999999994,2,1.9999999999999998,2,4,0.9999999999673933,2|4|8|10,0.9999999999718359,32.301543188214495,0.9999999999673933
c6_web,6,web,-1,0.0,60.0,108,18,43092,16,False,21031.090544183775,-0.5,2,2.0,2,4,0.9999999999867667,2|4|8|10,0.9999999999901354,9.801543188243611,0.9999999999867667
c6_web,6,web,-1,0.0,60.0,108,18,43092,17,False,28190.484554639508,-0.5,2,2.0,2,2,0.9999999999466427,2|4|8|10,0.9999999999544936,25.34498053236904,0.9999999999466427
c6_web,6,web,-1,0.0,60.0,108,18,43092,18,False,28190.484554697006,-0.5,2,2.0,2,2,0.9999999999721282,2|4|8|10,0.9999999999803096,70.34498053238528,0.9999999999721282
c6_web,6,web,-1,0.0,60.0,108,18,43092,19,False,31202.2917310558,0.5,1,1.0,2,5,0.9999999999382656,1|5|7|11,0.9999999999510744,1.5403364893764315,0.9999999999382656
c6_web,6,web,-1,0.0,60.0,108,18,43092,20,False,31202.291731212405,0.5,1,1.0,2,5,0.9999999999881912,1|5|7|11,0.9999999999901228,19.54033648930081,0.9999999999881912
c6_web,6,web,-1,0.0,60.0,108,18,43092,21,False,31832.908903812833,1.0,0,0.0,1,0,0.9999999962119743,0|6|12,0.9999999962960148,0.0,0.9999999962119743
c6_web,6,web,-1,0.0,60.0,108,18,43092,22,False,35034.630219888364,-1.0,3,3.0,1,3,0.9999999925232732,3|9,0.9999999928362043,14.934042366642496,0.9999999925232732
c6_web,6,web,-1,0.0,60.0,108,18,43092,23,False,35034.630220114464,-0.9999999999999998,3,2.999999979876362,1,3,0.9999999993828513,3|9,0.9999999993934218,44.93404239058462,0.9999999993828513
c6_web,6,web,-1,0.0,60.0,108,18,43092,24,False,37640.015255676924,0.49999999999999994,1,1.0,2,1,0.999999997743806,1|5|7|11,0.9999999983810144,74.864158264645,0.999999997743806
c6_web,6,web,-1,0.0,60.0,108,18,43092,25,False,37640.015255811246,0.5,1,1.0,2,1,0.9999999991426906,1|5|7|11,0.9999999993242121,164.86415826950332,0.9999999991426906
c6_web,6,web,-1,0.0,60.0,108,18,43092,26,False,42174.527957776765,-1.0,3,3.0,1,3,0.9999999990201232,3|9,0.9999999990240361,34.187784930576356,0.9999999990201232
c6_web,6,web,-1,0.0,60.0,108,18,43092,27,False,42174.52795788175,-0.9999999999999998,3,2.999999979876362,1,3,0.9999999999160255,3|9,0.9999999999162849,4.18778493055855,0.9999999999160255
c6_web,6,web,-1,0.0,60.0,108,18,43092,28,False,42269.08897164036,1.0,0,0.0,1,6,0.9999999995805345,0|6|12,0.9999999995815138,19.435457022875685,0.9999999995805345
c6_web,6,web,-1,0.0,60.0,108,18,43092,29,False,42269.08897168188,1.0,0,0.0,1,6,0.9999999994462075,0|6|12,0.9999999994483678,4.435457022847395,0.9999999994462075
c4,4,discrete,1,0.962962962962963,60.0,108,18,37596,0,True,0.010073718646612821,0.12462452671975192,1,0.9204547422511637,2,0,0.5139114475511121,1|3|5|7|9|11,0.48608855242679766,0.0,0.5139114475511121
c4,4,discrete,1,0.962962962962963,60.0,108,18,37596,1,True,0.01039711907506384,0.5218478739235511,1,0.6504857217205938,2,1,0.8056168888479445,1|3|5|7|9|11,0.8056168888512845,144.36098058260217,0.8056168888479445
c4,4,discrete,1,0.962962962962963,60.0,108,18,37596,2,True,0.011254648404353584,0.3517676736194616,1,0.7711614210644425,2,1,0.8392158664579158,1|3|5|7|9|11,0.8392158664614872,47.11007499648219,0.8392158664579158
c4,4,discrete,1,0.962962962962963,60.0,108,18,37596,3,True,0.013754682898962265,0.6023430345934124,1,0.5884678879193831,2,1,0.5139130803386566,1|3|5|7|9|11,0.5139130803398168,91.90321397911252,0.5139130803386566
c4,4,discrete,1,0.962962962962963,60.0,108,18,37596,4,True,0.01474855353769636,0.05102018807552377,1,0.9675054315201675,2,1,0.8482020897247803,1|3|5|7|9|11,0.8482020897261527,18.5587590468658,0.8482020897247803
c4,4,discrete,1,0.962962962962963,60.0,108,18,37596,5,True,0.01724321078815007,0.34839670306829673,1,0.7734524263467212,2,1,0.6402175874991535,1|3|5|7|9|11,0.6402175875002666,118.41479636174117,0.6402175874991535
c4,4,discrete,1,0.962962962962963,60.0,108,18,37596,6,False,2303.080016166983,-1.0,2,2.0,1,2,0.9466914205214154,2|6|10,0.9999999999509679,35.99512204560878,0.9466914205214154
c4,4,discrete,1,0.962962962962963,60.0,108,18,37596,7,False,3828.9754160235625,-1.0,2,2.0,1,2,0.8892378953727629,2|6|10,0.9999999999586595,83.9495331207432,0.8892378953727629
c4,4,discrete,1,0.962962962962963,60.0,108,18,37596,8,False,4609.543109781889,6.0715321659188194e-18,1,1.0,2,3,0.5859204294301006,1|3|5|7|9|11,0.9999999997677836,56.04159972833554,0.5859204294301006
c4,4,discrete,1,0.962962962962963,60.0,108,18,37596,9,False,4609.543109867237,-6.071532165918826e-18,1,1.0,2,3,0.585920429582843,1|3|5|7|9|11,0.9999999999147011,26.041599730639188,0.585920429582843
c4,4,discrete,1,0.962962962962963,60.0,108,18,37596,10,False,5060.240817242333,-1.0,2,2.0,1,2,0.7904838918916662,2|6|10,0.9999999964529679,86.65385730501485,0.7904838918916662
c4,4,discrete,1,0.962962962962963,60.0,108,18,37596,11,False,5093.935009665171,2.602085213965215e-18,1,1.0,2,1,0.4159272802429169,1|3|5|7|9|11,0.9999999979341067,88.40559021595244,0.4159272802429169
c4,4,discrete,1,0.962962962962963,60.0,108,18,37596,12,False,5093.9350097004,-6.071532165918826e-18,1,1.0,2,1,0.41592728098967346,1|3|5|7|9|11,0.9999999997268723,178.40559021944466,0.41592728098967346
c4,4,discrete,1,0.962962962962963,60.0,108,18,37596,13,False,5128.957060118502,0.9999999999999998,0,1.3415758552508148e-08,1,4,0.5169232710016394,0|4|8|12,0.9999999975892624,44.69372632386371,0.5169232710016394
c4,4,discrete,1,0.962962962962963,60.0,108,18,37596,14,False,5275.120682405545,1.0,0,0.0,1,4,0.7121263720306378,0|4|8|12,0.9999999994335168,23.025980331188087,0.7121263720306378
c4,4,discrete,1,0.962962962962963,60.0,108,18,37596,15,False,6475.796763539741,0.9999999999999998,0,1.3415758552508148e-08,1,4,0.8882741699833584,0|4|8|12,0.9999999998819947,8.323533693180632,0.8882741699833584
c4,4,discrete,1,0.962962962962963,60.0,108,18,37596,16,False,7064.047149709816,9.540979117872445e-18,1,1.0,2,3,0.4909096593432125,1|3|5|7|9|11,0.9999999999356749,6.9655728966794275,0.4909096593432125
c4,4,discrete,1,0.962962962962963,60.0,108,18,37596,17,False,7064.047149720377,-3.903127820947816e-18,1,1.0,2,3,0.49090965935972886,1|3|5|7|9|11,0.9999999999580063,36.96557289650509,0.49090965935972886
c4,4,discrete,1,0.962962962962963,60.0,108,18,37596,18,False,7499.0513278516055,-1.0,2,2.0,1,2,0.7778468161891565,2|6|10,0.9999999998035,86.8645764005245,0.7778468161891565
c4,4,discrete,1,0.962962962962963,60.0,108,18,37596,19,False,9807.482645608929,1.0,0,0.0,1,4,0.6298430050388188,0|4|8|12,0.9999999996243646,21.025489353646915,0.6298430050388188
c4,4,discrete,1,0.962962962962963,60.0,108,18,37596,20,False,9820.941887365561,1.0,0,0.0,1,4,0.7345445252430078,0|4|8|12,0.9999999999775976,31.812965136289396,0.7345445252430078
c4,4,discrete,1,0.962962962962963,60.0,108,18,37596,21,False,10004.07981685078,-6.938893903907233e-18,1,1.0,2,3,0.33728245616586383,1|3|5|7|9|11,0.9999999998118747,13.772645895997034,0.33728245616586383
c4,4,discrete,1,0.962962962962963,60.0,108,18,37596,22,False,10004.079816864354,0.0,1,1.0,2,3,0.3372824562211127,1|3|5|7|9|11,0.9999999999787892,43.77264589521609,0.3372824562211127
c4,4,discrete,1,0.962962962962963,60.0,108,18,37596,23,False,10208.761737276236,2.2551405187698514e-17,1,1.0,2,5,0.5910259656682357,1|3|5|7|9|11,0.9999999999457848,31.64269049371715,0.5910259656682357
c4,4,discrete,1,0.962962962962963,60.0,108,18,37596,24,False,10208.761737298539,-4.33680868994202e-18,1,1.0,2,5,0.5910259656431027,1|3|5|7|9|11,0.9999999998934755,13.642690493501044,0.5910259656431027
c4,4,discrete,1,0.962962962962963,60.0,108,18,37596,25,False,10275.926001681275,-1.0,2,2.0,1,2,0.7161894742306774,2|6|10,0.9999999998461329,54.81385515633406,0.7161894742306774
c4,4,discrete,1,0.962962962962963,60.0,108,18,37596,26,False,11391.39136445647,-1.0,2,2.0,1,6,0.7224242704720406,2|6|10,0.9999999999626167,21.391050805587465,0.7224242704720406
c4,4,discrete,1,0.962962962962963,60.0,108,18,37596,27,False,11534.359440639255,-1.0,2,2.0,1,2,0.5743392788707494,2|6|10,0.999999999826173,51.61563483828793,0.5743392788707494
c4,4,discrete,1,0.962962962962963,60.0,108,18,37596,28,False,11993.185388141192,3.12250225675825e-17,1,1.0,2,1,0.33027436399277976,1|3|5|7|9|11,0.9999999999585839,118.31582492874374,0.33027436399277976
c4,4,discrete,1,0.962962962962963,60.0,108,18,37596,29,False,11993.185388145745,-2.4286128663675278e-17,1,1.0,2,1,0.3302743640073493,1|3|5|7|9|11,0.9999999999921149,28.31582492845864,0.3302743640073493
c12,12,discrete,1,0.8888888888888888,60.0,108,18,38916,0,True,0.009356637529329463,0.8754637200739503,1,0.9633365221790082,2,1,0.7416170440610176,1|11,0.7416170440610294,93.29907929665977,0.7416170440610176
c12,12,discrete,1,0.8888888888888888,60.0,108,18,38916,1,True,0.010300396179888378,0.867969242216159,1,0.99254989696204,2,1,0.8862691427964982,1|11,0.8862691427965043,132.98534460755806,0.8862691427964982
c12,12,discrete,1,0.8888888888888888,60.0,108,18,38916,2,True,0.010806857525641976,0.9878725949849804,0,0.29774206833049355,2,1,0.6275658951945898,0|12,0.3724341048043749,67.39914259521142,0.6275658951945898
c12,12,discrete,1,0.8888888888888888,60.0,108,18,38916,3,True,0.011277298711946286,0.9732215352592154,0,0.4429790128894693,2,0,0.6097260472209688,0|12,0.6097260472209729,0.0,0.6097260472209688
c12,12,discrete,1,0.8888888888888888,60.0,108,18,38916,4,True,0.011939679222539672,0.8924543429874741,1,0.8938900858613428,2,1,0.724591851633769,1|11,0.7245918516337735,77.62009887108171,0.724591851633769
c12,12,discrete,1,0.8888888888888888,60.0,108,18,38916,5,True,0.012216054647330487,0.8671201796159755,1,0.99581030133301,2,1,0.9365041818380839,1|11,0.9365041818380856,170.26400202166332,0.9365041818380839
c12,12,discrete,1,0.8888888888888888,60.0,108,18,38916,6,False,4804.201581413491,0.5,2,2.0,2,2,0.9868813693396733,2|10,0.999999999997051,65.160206799041,0.9868813693396733
c12,12,discrete,1,0.8888888888888888,60.0,108,18,38916,7,False,4804.201581420445,0.4999999999999999,2,2.0,2,2,0.9868813693388778,2|10,0.9999999999962027,20.16020679904928,0.9868813693388778
c12,12,discrete,1,0.8888888888888888,60.0,108,18,38916,8,False,10051.82906464349,1.0,0,0.0,1,0,0.9610581695239202,0|12,0.9999999989310269,0.0,0.9610581695239202
c12,12,discrete,1,0.8888888888888888,60.0,108,18,38916,9,False,10731.151456155232,-8.673617379884034e-18,3,3.0,2,3,0.963632027377188,3|9,0.9999999998820333,1.023491325874073,0.963632027377188
c12,12,discrete,1,0.8888888888888888,60.0,108,18,38916,10,False,10731.15145626337,1.9081958235744853e-17,3,3.0,2,3,0.9636320274870315,3|9,0.999999999997108,31.023491325888486,0.9636320274870315
c12,12,discrete,1,0.8888888888888888,60.0,108,18,38916,11,False,11588.806647934458,0.8660254037844386,1,1.0,2,1,0.9678724550707178,1|11,0.9999999996801148,155.30768894542555,0.9678724550707178
c12,12,discrete,1,0.8888888888888888,60.0,108,18,38916,12,False,11588.806648018413,0.8660254037844386,1,1.0,2,1,0.967872455361611,1|11,0.9999999999795974,65.30768894541977,0.967872455361611
c12,12,discrete,1,0.8888888888888888,60.0,108,18,38916,13,False,14505.982577860437,0.5,2,2.0,2,2,0.6305011470174084,2|10,0.9999999879393985,51.36346100382544,0.6305011470174084
c12,12,discrete,1,0.8888888888888888,60.0,108,18,38916,14,False,14505.982577885867,0.5000000000000001,2,1.9999999999999998,2,2,0.630501153050666,2|10,0.9999999988014254,6.363461105675,0.630501153050666
c12,12,discrete,1,0.8888888888888888,60.0,108,18,38916,15,False,16246.62739507361,-0.5,4,4.0,2,4,0.911979072739096,4|8,0.999999999699848,26.03242174648152,0.911979072739096
c12,12,discrete,1,0.8888888888888888,60.0,108,18,38916,16,False,16246.627395313757,-0.5,4,4.0,2,4,0.9119790729955952,4|8,0.9999999999867155,3.5324217465083922,0.9119790729955952
c12,12,discrete,1,0.8888888888888888,60.0,108,18,38916,17,False,16734.715292813366,0.5,2,2.0,2,2,0.9408199296066848,2|10,0.9999999995544536,29.64268866043872,0.9408199296066848
c12,12,discrete,1,0.8888888888888888,60.0,108,18,38916,18,False,16734.715292892477,0.5,2,2.0,2,2,0.9408199300099197,2|10,0.9999999999858642,74.64268866037214,0.9408199300099197
c12,12,discrete,1,0.8888888888888888,60.0,108,18,38916,19,False,20966.82370640394,-0.8660254037844387,5,5.0,2,5,0.7897956294213312,5|7,0.9999999998999997,20.975027244763666,0.7897956294213312
c12,12,discrete,1,0.8888888888888888,60.0,108,18,38916,20,False,20966.823706484854,-0.8660254037844387,5,5.0,2,5,0.7897956294972699,5|7,0.9999999999925654,2.975027244717078,0.7897956294972699
c12,12,discrete,1,0.8888888888888888,60.0,108,18,38916,21,False,22994.781338860674,-1.908195823574483e-17,3,3.0,2,3,0.9071755164959023,3|9,0.999999999954281,23.02167984211711,0.9071755164959023
c12,12,discrete,1,0.8888888888888888,60.0,108,18,38916,22,False,22994.781338875833,1.5612511283791258e-17,3,3.0,2,3,0.9071755164814382,3|9,0.9999999999389003,53.021679842125636,0.9071755164814382
c12,12,discrete,1,0.8888888888888888,60.0,108,18,38916,23,False,23360.257730703113,-0.9999999999999999,6,5.999999971540878,1,6,0.9999999997917636,6,0.9999999997917636,19.107231570260588,0.9999999997917636
c12,12,discrete,1,0.8888888888888888,60.0,108,18,38916,24,False,29060.256832562307,-0.5,4,4.0,2,4,0.8647202707984875,4|8,0.9999999999695118,22.285043499520985,0.8647202707984875
c12,12,discrete,1,0.8888888888888888,60.0,108,18,38916,25,False,29060.25683258114,-0.49999999999999994,4,3.9999999999999996,2,4,0.8647202708054653,4|8,0.9999999999732152,44.78504349945782,0.8647202708054653
c12,12,discrete,1,0.8888888888888888,60.0,108,18,38916,26,False,29778.881538095517,1.0,0,0.0,1,0,0.9110084173251151,0|12,0.9999999980016563,0.0,0.9110084173251151
c12,12,discrete,1,0.8888888888888888,60.0,108,18,38916,27,False,32398.953465091734,-1.0,6,6.0,1,6,0.9999999999656527,6,0.9999999999656527,1.8150134648374112,0.9999999999656527
c12,12,discrete,1,0.8888888888888888,60.0,108,18,38916,28,False,33047.033383200855,-0.8660254037844387,5,5.0,2,5,0.6534214039200664,5|7,0.9999999999693475,11.850301902709765,0.6534214039200664
c12,12,discrete,1,0.8888888888888888,60.0,108,18,38916,29,False,33047.03338321377,-0.8660254037844387,5,5.0,2,5,0.6534214039273002,5|7,0.9999999999852975,29.850301902690568,0.6534214039273002
c6_arc1,6,discrete,1,0.9444444444444444,60.0,108,18,37926,0,True,0.007640048660741296,0.6677795881184957,1,0.8017346200411615,2,1,0.9492824562642371,1|5|7|11,0.949282456264906,3.3810829103091224,0.9492824562642371
c6_arc1,6,discrete,1,0.9444444444444444,60.0,108,18,37926,1,True,0.008435524920043467,0.5033423570836931,1,0.9963103994926044,2,1,0.7602935267004947,1|5|7|11,0.760293526700699,122.53331581988147,0.7602935267004947
c6_arc1,6,discrete,1,0.9444444444444444,60.0,108,18,37926,2,True,0.009876390181679427,0.8300897417933782,1,0.5648673707004153,2,1,0.6143405858247576,1|5|7|11,0.6143405858251907,67.60809314329974,0.6143405858247576
c6_arc1,6,discrete,1,0.9444444444444444,60.0,108,18,37926,3,True,0.010608265190695134,0.6485833166603692,1,0.826085416882583,2,1,0.6627323011219493,1|5|7|11,0.6627323011221171,120.1635137151134,0.6627323011219493
c6_arc1,6,discrete,1,0.9444444444444444,60.0,108,18,37926,4,True,0.012111004748792394,0.8078757978021778,1,0.6018515451635849,2,1,0.5056908293413444,1|5|7|11,0.5056908293415419,153.78791190358584,0.5056908293413444
c6_arc1,6,discrete,1,0.9444444444444444,60.0,108,18,37926,5,True,0.015010878446247187,0.5423291985418865,1,0.9526276886041731,2,1,0.8108916482209163,1|5|7|11,0.8108916482212204,41.39442369430483,0.8108916482209163
c6_arc1,6,discrete,1,0.9444444444444444,60.0,108,18,37926,6,False,3603.4106491756065,-0.5000000000000001,2,2.0,2,2,0.8639654109831146,2|4|8|10,0.9999999999922192,5.189800648047552,0.8639654109831146
c6_arc1,6,discrete,1,0.9444444444444444,60.0,108,18,37926,7,False,3603.410649178941,-0.5,2,2.0,2,2,0.8639654109841145,2|4|8|10,0.999999999993429,50.189800648043544,0.8639654109841145
c6_arc1,6,discrete,1,0.9444444444444444,60.0,108,18,37926,8,False,6197.103932071276,-1.0,3,3.0,1,3,0.95572826549071,3|9,0.9999999999900177,37.06728551941608,0.95572826549071
c6_arc1,6,discrete,1,0.9444444444444444,60.0,108,18,37926,9,False,7620.511140489175,0.4999999999999999,1,1.0,2,1,0.7735399500007514,1|5|7|11,0.9999999999444942,102.07226241911232,0.7735399500007514
c6_arc1,6,discrete,1,0.9444444444444444,60.0,108,18,37926,10,False,7620.51114060166,0.5,1,1.0,2,1,0.773539949619757,1|5|7|11,0.999999999489982,12.072262418064048,0.773539949619757
c6_arc1,6,discrete,1,0.9444444444444444,60.0,108,18,37926,11,False,7684.69215454234,0.9999999999999999,0,1.4229560770859897e-08,1,0,0.62038282850692,0|6|12,0.9999999983305814,0.0,0.62038282850692
c6_arc1,6,discrete,1,0.9444444444444444,60.0,108,18,37926,12,False,9337.120391745897,-1.0,3,3.0,1,3,0.925824541817373,3|9,0.9999999997483963,11.127216355581641,0.925824541817373
c6_arc1,6,discrete,1,0.9444444444444444,60.0,108,18,37926,13,False,9995.683614684309,-0.4999999999999999,2,1.9999999999999998,2,2,0.4815633305400889,2|4|8|10,0.9999999999883622,54.657872084951485,0.4815633305400889
c6_arc1,6,discrete,1,0.9444444444444444,60.0,108,18,37926,14,False,9995.6836148932,-0.5,2,2.0,2,2,0.48156333044891353,2|4|8|10,0.9999999997041497,9.65787208596405,0.48156333044891353
c6_arc1,6,discrete,1,0.9444444444444444,60.0,108,18,37926,15,False,11182.069947196458,-1.0,3,3.0,1,3,0.7947120706826045,3|9,0.9999999995791352,15.900645224880215,0.7947120706826045
c6_arc1,6,discrete,1,0.9444444444444444,60.0,108,18,37926,16,False,11237.845240932733,-0.4999999999999999,2,1.9999999999999998,2,2,0.4086914144983162,2|4|8|10,0.999999999831627,73.34091717847625,0.4086914144983162
c6_arc1,6,discrete,1,0.9444444444444444,60.0,108,18,37926,17,False,11237.845240943718,-0.5000000000000001,2,2.0,2,2,0.4086914145393507,2|4|8|10,0.9999999999356894,28.34091717649534,0.4086914145393507
c6_arc1,6,discrete,1,0.9444444444444444,60.0,108,18,37926,18,False,11352.6482883127,0.5,1,1.0,2,1,0.4195919482980585,1|5|7|11,0.999999999949221,127.39733544109485,0.4195919482980585
c6_arc1,6,discrete,1,0.9444444444444444,60.0,108,18,37926,19,False,11352.648288323991,0.5,1,1.0,2,1,0.4195919481996503,1|5|7|11,0.9999999997099397,37.39733544067105,0.4195919481996503
c6_arc1,6,discrete,1,0.9444444444444444,60.0,108,18,37926,20,False,11412.415336879061,1.0,0,0.0,1,6,0.5326617083079495,0|6|12,0.9999999993991373,18.94792582964955,0.5326617083079495
c6_arc1,6,discrete,1,0.9444444444444444,60.0,108,18,37926,21,False,12262.369579539432,-0.4999999999999999,2,1.9999999999999998,2,4,0.5736805596785746,2|4|8|10,0.9999999999913901,10.55336430513802,0.5736805596785746
c6_arc1,6,discrete,1,0.9444444444444444,60.0,108,18,37926,22,False,12262.36957968813,-0.5,2,2.0,2,4,0.5736805596223904,2|4|8|10,0.9999999998425642,33.0533643047913,0.5736805596223904
c6_arc1,6,discrete,1,0.9444444444444444,60.0,108,18,37926,23,False,13503.25180242821,-1.0,3,3.0,1,3,0.8290677650201045,3|9,0.999999999979676,2.1867708133325428,0.8290677650201045
c6_arc1,6,discrete,1,0.9444444444444444,60.0,108,18,37926,24,False,14120.765989471101,0.5,1,1.0,2,5,0.6347481857543893,1|5|7|11,0.9999999999887861,16.35779207564825,0.6347481857543893
c6_arc1,6,discrete,1,0.9444444444444444,60.0,108,18,37926,25,False,14120.765989480076,0.5,1,1.0,2,5,0.6347481857460692,1|5|7|11,0.9999999999752895,34.35779207570248,0.6347481857460692
c6_arc1,6,discrete,1,0.9444444444444444,60.0,108,18,37926,26,False,14392.83247777188,1.0,0,0.0,1,6,0.8721853034824063,0|6|12,0.9999999999622929,23.888700770210658,0.8721853034824063
c6_arc1,6,discrete,1,0.9444444444444444,60.0,108,18,37926,27,False,14903.630276159254,-0.4999999999999999,2,1.9999999999999998,2,2,0.565631343003259,2|4|8|10,0.9999999999438506,2.020270915351017,0.565631343003259
c6_arc1,6,discrete,1,0.9444444444444444,60.0,108,18,37926,28,False,14903.630276171923,-0.5,2,2.0,2,2,0.5656313426847124,2|4|8|10,0.9999999992747878,47.02027092491403,0.5656313426847124
c6_arc1,6,discrete,1,0.9444444444444444,60.0,108,18,37926,29,False,19046.519774277476,0.9999999999999999,0,1.4229560770859897e-08,1,6,0.7585523605416983,0|6|12,0.9999999988584999,9.681387719895353,0.7585523605416983
c6_arc2,6,discrete,2,0.8888888888888888,60.0,108,18,38610,0,True,0.008065971872823294,0.7721825243379824,1,0.6574952631371128,2,1,0.5846591824761205,1|5|7|11,0.5846591824766932,14.372227196874908,0.5846591824761205
c6_arc2,6,discrete,2,0.8888888888888888,60.0,108,18,38610,1,True,0.009212519701516955,0.5673509013408553,1,0.9239049688105129,2,0,0.5015496753531844,1|5|7|11,0.4984503246447573,0.0,0.5015496753531844
c6_arc2,6,discrete,2,0.8888888888888888,60.0,108,18,38610,2,True,0.01011139235739583,0.7171135174242516,1,0.7363886929588539,2,1,0.579391543125693,1|5|7|11,0.5793915431258558,155.2507029910716,0.579391543125693
c6_arc2,6,discrete,2,0.8888888888888888,60.0,108,18,38610,3,True,0.010317942890700095,0.6840836850887303,1,0.7806068880112096,2,1,0.5724644188507299,1|5|7|11,0.572464418850887,162.07384504889407,0.5724644188507299
c6_arc2,6,discrete,2,0.8888888888888888,60.0,108,18,38610,4,True,0.011251721679158472,0.5105622864117796,1,0.9883118230349284,2,1,0.9002431818958662,1|5|7|11,0.9002431818960704,76.44208249103667,0.9002431818958662
c6_arc2,6,discrete,2,0.8888888888888888,60.0,108,18,38610,5,True,0.01382565603990195,0.7487070853964011,1,0.6920249096578206,2,1,0.5665196831817925,1|5|7|11,0.5665196831819471,174.66563399835317,0.5665196831817925
c6_arc2,6,discrete,2,0.8888888888888888,60.0,108,18,38610,6,False,3739.146027303648,-0.5,2,2.0,2,2,0.8582500174029909,2|4|8|10,0.9999999999790545,47.9584444992882,0.8582500174029909
c6_arc2,6,discrete,2,0.8888888888888888,60.0,108,18,38610,7,False,3739.1460273217344,-0.5000000000000001,2,2.0,2,2,0.8582500174021065,2|4|8|10,0.9999999999827487,2.9584444992403447,0.8582500174021065
c6_arc2,6,discrete,2,0.8888888888888888,60.0,108,18,38610,8,False,6317.811792851556,-1.0,3,3.0,1,3,0.9447735856874503,3|9,0.9999999998972016,38.44215143191844,0.9447735856874503
c6_arc2,6,discrete,2,0.8888888888888888,60.0,108,18,38610,9,False,8077.320651455995,1.0,0,0.0,1,0,0.6195256621876185,0|6|12,0.9999999945973119,0.0,0.6195256621876185
c6_arc2,6,discrete,2,0.8888888888888888,60.0,108,18,38610,10,False,8204.352680845988,0.4999999999999999,1,1.0,2,1,0.7252680000657774,1|5|7|11,0.9999999989804834,44.4357877563045,0.7252680000657774
c6_arc2,6,discrete,2,0.8888888888888888,60.0,108,18,38610,11,False,8204.352681022718,0.5000000000000001,1,0.9999999999999999,2,1,0.7252680007941461,1|5|7|11,0.9999999999704801,134.43578775810656,0.7252680007941461
c6_arc2,6,discrete,2,0.8888888888888888,60.0,108,18,38610,12,False,10428.125489143516,-0.5,2,2.0,2,2,0.5206964253789269,2|4|8|10,0.9999999996134478,27.604220939074068,0.5206964253789269
c6_arc2,6,discrete,2,0.8888888888888888,60.0,108,18,38610,13,False,10428.125489798189,-0.5,2,2.0,2,2,0.5206964255643117,2|4|8|10,0.9999999999632296,72.60422093916071,0.5206964255643117
c6_arc2,6,discrete,2,0.8888888888888888,60.0,108,18,38610,14,False,10650.363741293426,-1.0,3,3.0,1,3,0.9447802863738222,3|9,0.9999999998264555,11.973305379501479,0.9447802863738222
c6_arc2,6,discrete,2,0.8888888888888888,60.0,108,18,38610,15,False,14091.74062110654,-0.5,2,2.0,2,2,0.40184237705710935,2|4|8|10,0.9999999972342608,41.648026015398486,0.40184237705710935
c6_arc2,6,discrete,2,0.8888888888888888,60.0,108,18,38610,16,False,14091.740621153533,-0.5,2,2.0,2,2,0.4018423779069307,2|4|8|10,0.9999999999292133,86.64802605470527,0.4018423779069307
c6_arc2,6,discrete,2,0.8888888888888888,60.0,108,18,38610,17,False,14471.971800995081,-0.5,2,2.0,2,4,0.6161681538048676,2|4|8|10,0.9999999995364153,31.87599873567716,0.6161681538048676
c6_arc2,6,discrete,2,0.8888888888888888,60.0,108,18,38610,18,False,14471.97180103287,-0.5,2,2.0,2,4,0.6161681540814545,2|4|8|10,0.9999999999164837,9.375998733912965,0.6161681540814545
c6_arc2,6,discrete,2,0.8888888888888888,60.0,108,18,38610,19,False,14580.352667002891,-0.9999999999999998,3,2.999999979876362,1,3,0.7593783909939561,3|9,0.9999999991946487,54.525428688291534,0.7593783909939561
c6_arc2,6,discrete,2,0.8888888888888888,60.0,108,18,38610,20,False,15117.94198126282,-0.999999999999999,3,2.9999999573113176,1,3,0.7308831330566544,3|9,0.9999999449179264,19.691458216723355,0.7308831330566544
c6_arc2,6,discrete,2,0.8888888888888888,60.0,108,18,38610,21,False,15120.736962033516,0.500000000000014,1,0.9999999999999847,2,1,0.4097320955958986,1|5|7|11,0.9999997809263665,126.9000461147437,0.4097320955958986
c6_arc2,6,discrete,2,0.8888888888888888,60.0,108,18,38610,22,False,15120.73696238539,0.5000000000000001,1,0.9999999999999999,2,1,0.40973218522737614,1|5|7|11,0.9999999997366804,36.90004611488682,0.40973218522737614
c6_arc2,6,discrete,2,0.8888888888888888,60.0,108,18,38610,23,False,15122.723556720375,0.9999999999999691,0,2.372541909543089e-07,1,6,0.4989109185534483,0|6|12,0.9999995999181354,20.231354782662955,0.4989109185534483
c6_arc2,6,discrete,2,0.8888888888888888,60.0,108,18,38610,24,False,15128.51002300499,-0.4999999999999841,2,1.9999999999999825,2,2,0.39068397401617594,2|4|8|10,0.9999998676086731,22.933288369102,0.39068397401617594
c6_arc2,6,discrete,2,0.8888888888888888,60.0,108,18,38610,25,False,15128.510023659994,-0.4999999999999999,2,1.9999999999999998,2,2,0.39068402563792437,2|4|8|10,0.9999999996443436,67.93328836915455,0.39068402563792437
c6_arc2,6,discrete,2,0.8888888888888888,60.0,108,18,38610,26,False,16172.321743839491,0.5000000000000001,1,0.9999999999999999,2,5,0.5900519053965544,1|5|7|11,0.999999999300977,15.040867407989664,0.5900519053965544
c6_arc2,6,discrete,2,0.8888888888888888,60.0,108,18,38610,27,False,16172.321743960007,0.5000000000000001,1,0.9999999999999999,2,5,0.590051905763266,1|5|7|11,0.999999999937591,33.0408674089934,0.590051905763266
c6_arc2,6,discrete,2,0.8888888888888888,60.0,108,18,38610,28,False,16459.821103456787,1.0,0,0.0,1,6,0.8004932437923332,0|6|12,0.9999999981399065,24.626807056810787,0.8004932437923332
c6_arc2,6,discrete,2,0.8888888888888888,60.0,108,18,38610,29,False,20826.31027911927,1.0,0,0.0,1,6,0.6724212826172972,0|6|12,0.9999999998165968,10.165888118801847,0.6724212826172972
c6_arc6,6,discrete,6,0.6666666666666667,60.0,108,18,39978,0,True,0.008650685580385483,0.7363504272895931,1,0.7096425175178503,2,1,0.5786731553603206,1|5|7|11,0.5786731553604175,72.7509693718187,0.5786731553603206
c6_arc6,6,discrete,6,0.6666666666666667,60.0,108,18,39978,1,True,0.008912564919335501,0.7524473270654449,1,0.6866196673690181,2,1,0.6583048730033015,1|5|7|11,0.6583048730033837,114.30112578874662,0.6583048730033015
c6_arc6,6,discrete,6,0.6666666666666667,60.0,108,18,39978,2,True,0.009581236363040766,0.5203538300640725,1,0.9774001881501218,2,0,0.7313565567217537,1|5|7|11,0.26864344327691536,0.0,0.7313565567217537
c6_arc6,6,discrete,6,0.6666666666666667,60.0,108,18,39978,3,True,0.009913932617652757,0.7326138686042225,1,0.7149004364514779,2,1,0.5896801271203862,1|5|7|11,0.5896801271204339,97.40338095432979,0.5896801271203862
c6_arc6,6,discrete,6,0.6666666666666667,60.0,108,18,39978,4,True,0.010574402323947539,0.5623587003144277,1,0.9296820825637631,2,1,0.7751019709165411,1|5|7|11,0.7751019709165777,3.94630678752471,0.7751019709165411
c6_arc6,6,discrete,6,0.6666666666666667,60.0,108,18,39978,5,True,0.011087055848754603,0.6958758466622399,1,0.7650491330071113,2,1,0.6171395402007263,1|5|7|11,0.6171395402008367,112.11444386082552,0.6171395402007263
c6_arc6,6,discrete,6,0.6666666666666667,60.0,108,18,39978,6,False,4173.595786088669,-0.4999999999999999,2,1.9999999999999998,2,2,0.8898124216598016,2|4|8|10,0.9999999999915828,47.2255656974744,0.8898124216598016
c6_arc6,6,discrete,6,0.6666666666666667,60.0,108,18,39978,7,False,4173.595786095708,-0.5,2,2.0,2,2,0.8898124216640522,2|4|8|10,0.9999999999976696,2.2255656974734475,0.8898124216640522
c6_arc6,6,discrete,6,0.6666666666666667,60.0,108,18,39978,8,False,7373.8045963733375,-1.0,3,3.0,1,3,0.930926484039895,3|9,0.9999999999738547,42.319665674919214,0.930926484039895
c6_arc6,6,discrete,6,0.6666666666666667,60.0,108,18,39978,9,False,8681.99637417507,0.9999999999999998,0,2.012363782876222e-08,1,0,0.7272067667205167,0|6|12,0.9999999997454085,0.0,0.7272067667205167
c6_arc6,6,discrete,6,0.6666666666666667,60.0,108,18,39978,10,False,9745.580280551869,0.5,1,1.0,2,1,0.6812307888622408,1|5|7|11,0.9999999999663406,50.62469898479908,0.6812307888622408
c6_arc6,6,discrete,6,0.6666666666666667,60.0,108,18,39978,11,False,9745.580280574297,0.5000000000000001,1,0.9999999999999999,2,1,0.6812307888604529,1|5|7|11,0.9999999999671736,140.62469898480748,0.6812307888604529
c6_arc6,6,discrete,6,0.6666666666666667,60.0,108,18,39978,12,False,11938.547479186755,-1.0,3,3.0,1,3,0.9808784916172012,3|9,0.9999999999169285,13.300512611462512,0.9808784916172012
c6_arc6,6,discrete,6,0.6666666666666667,60.0,108,18,39978,13,False,12154.178455730707,-0.5,2,2.0,2,2,0.4846288215620098,2|4|8|10,0.9999999999917704,10.978292862251067,0.4846288215620098
c6_arc6,6,discrete,6,0.6666666666666667,60.0,108,18,39978,14,False,12154.178455764792,-0.5000000000000001,2,2.0,2,2,0.4846288215241807,2|4|8|10,0.9999999999152137,55.978292862256964,0.4846288215241807
c6_arc6,6,discrete,6,0.6666666666666667,60.0,108,18,39978,15,False,13343.103824801397,-0.4999999999999999,2,1.9999999999999998,2,2,0.4831254150323446,2|4|8|10,0.9999999993408809,9.62818324119475,0.4831254150323446
c6_arc6,6,discrete,6,0.6666666666666667,60.0,108,18,39978,16,False,13343.103824818345,-0.4999999999999999,2,1.9999999999999998,2,2,0.48312541446762064,2|4|8|10,0.9999999989610103,54.628183260753666,0.48312541446762064
c6_arc6,6,discrete,6,0.6666666666666667,60.0,108,18,39978,17,False,18382.028284259446,-1.0,3,3.0,1,3,0.8491953825395314,3|9,0.9999999997124027,46.73147311092939,0.8491953825395314
c6_arc6,6,discrete,6,0.6666666666666667,60.0,108,18,39978,18,False,18872.73857971919,-0.5,2,2.0,2,4,0.7283249988198436,2|4|8|10,0.9999999999897713,23.751401495048814,0.7283249988198436
c6_arc6,6,discrete,6,0.6666666666666667,60.0,108,18,39978,19,False,18872.73857977531,-0.5,2,2.0,2,4,0.7283249987519212,2|4|8|10,0.9999999998980461,1.2514014950277113,0.7283249987519212
c6_arc6,6,discrete,6,0.6666666666666667,60.0,108,18,39978,20,False,20712.20425479642,0.5,1,1.0,2,5,0.63650542941345,1|5|7|11,0.9999999999940363,33.75542267532472,0.63650542941345
c6_arc6,6,discrete,6,0.6666666666666667,60.0,108,18,39978,21,False,20712.204254803597,0.49999999999999994,1,1.0,2,5,0.6365054294007323,1|5|7|11,0.9999999999744253,15.755422675328452,0.6365054294007323
c6_arc6,6,discrete,6,0.6666666666666667,60.0,108,18,39978,22,False,21320.792059232463,1.0,0,0.0,1,6,0.7913893068364939,0|6|12,0.9999999999563606,1.0793258822643481,0.7913893068364939
c6_arc6,6,discrete,6,0.6666666666666667,60.0,108,18,39978,23,False,26357.13409986181,1.0,0,0.0,1,6,0.4636345216861696,0|6|12,0.9999999997405495,22.601979146512083,0.4636345216861696
c6_arc6,6,discrete,6,0.6666666666666667,60.0,108,18,39978,24,False,26493.505508064518,-1.0,3,3.0,1,3,0.6416898557216673,3|9,0.9999999971341196,22.41675408570411,0.6416898557216673
c6_arc6,6,discrete,6,0.6666666666666667,60.0,108,18,39978,25,False,26499.328618105286,0.5000000000000001,1,0.9999999999999999,2,1,0.35013640467103885,1|5|7|11,0.9999999995948013,179.10030823497647,0.35013640467103885
c6_arc6,6,discrete,6,0.6666666666666667,60.0,108,18,39978,26,False,26499.32861812635,0.4999999999999999,1,1.0,2,1,0.3501364041621297,1|5|7|11,0.9999999981407743,89.10030823467558,0.3501364041621297
c6_arc6,6,discrete,6,0.6666666666666667,60.0,108,18,39978,27,False,26524.632890447425,-0.4999999999999998,2,1.9999999999999998,2,2,0.33568751170745603,2|4|8|10,0.9999999995744219,68.5906871450911,0.33568751170745603
c6_arc6,6,discrete,6,0.6666666666666667,60.0,108,18,39978,28,False,26524.632890468343,-0.5000000000000001,2,2.0,2,2,0.33568751156852217,2|4|8|10,0.9999999991574922,23.590687145108127,0.33568751156852217
c6_arc6,6,discrete,6,0.6666666666666667,60.0,108,18,39978,29,False,27068.371490093858,1.0,0,0.0,1,6,0.6149674485395955,0|6|12,0.9999999999211313,18.47156588297046,0.6149674485395955
c6_arc9,6,discrete,9,0.5,60.0,108,18,40662,0,True,0.009526064571509627,0.6722591304155616,1,0.7959722345346594,2,1,0.6746024680168317,1|5|7|11,0.6746024680168976,175.484332029647,0.6746024680168317
c6_arc9,6,discrete,9,0.5,60.0,108,18,40662,1,True,0.009829777113927303,0.5823483769870071,1,0.9064019159195726,2,1,0.9130906956684813,1|5|7|11,0.913090695668544,135.5295737034117,0.9130906956684813
c6_arc9,6,discrete,9,0.5,60.0,108,18,40662,2,True,0.010312540757453829,0.7389787836003705,1,0.7059250647831058,2,1,0.6495978896033131,1|5|7|11,0.64959788960334,176.65041127443297,0.6495978896033131
c6_arc9,6,discrete,9,0.5,60.0,108,18,40662,3,True,0.010768715329306676,0.5882600895557266,1,0.8994394024654345,2,1,0.7475744834574952,1|5|7|11,0.7475744834575377,154.11269956293592,0.7475744834574952
c6_arc9,6,discrete,9,0.5,60.0,108,18,40662,4,True,0.0115822182115014,0.8462096508901458,1,0.5366371247709456,2,0,0.5360593681809261,1|5|7|11,0.4639406318181805,0.0,0.5360593681809261
c6_arc9,6,discrete,9,0.5,60.0,108,18,40662,5,True,0.012711017234586921,0.5719439685511887,1,0.9185683976261089,2,1,0.7609033751920418,1|5|7|11,0.7609033751921469,53.955421183671724,0.7609033751920418
c6_arc9,6,discrete,9,0.5,60.0,108,18,40662,6,False,4398.727805554598,-0.4999999999999999,2,1.9999999999999998,2,2,0.9155381379410078,2|4|8|10,0.9999999999960831,5.175674418038115,0.9155381379410078
c6_arc9,6,discrete,9,0.5,60.0,108,18,40662,7,False,4398.727805565687,-0.5,2,2.0,2,2,0.9155381379421974,2|4|8|10,0.9999999999969912,50.17567441804239,0.9155381379421974
c6_arc9,6,discrete,9,0.5,60.0,108,18,40662,8,False,8287.2168716932,-1.0,3,3.0,1,3,0.9355274901553713,3|9,0.9999999999791332,44.85227954043803,0.9355274901553713
c6_arc9,6,discrete,9,0.5,60.0,108,18,40662,9,False,8927.243113866445,0.9999999999999999,0,1.4229560770859897e-08,1,0,0.8166553058370347,0|6|12,0.9999999998565678,0.0,0.8166553058370347
c6_arc9,6,discrete,9,0.5,60.0,108,18,40662,10,False,10968.990376850226,0.5,1,1.0,2,1,0.684629036113253,1|5|7|11,0.9999999999575333,71.80563808308948,0.684629036113253
c6_arc9,6,discrete,9,0.5,60.0,108,18,40662,11,False,10968.990376885726,0.5,1,1.0,2,1,0.6846290361284231,1|5|7|11,0.9999999999763796,161.8056380831246,0.6846290361284231
c6_arc9,6,discrete,9,0.5,60.0,108,18,40662,12,False,12470.64321168973,-1.0,3,3.0,1,3,0.9861083738580215,3|9,0.9999999999676966,15.25200879733068,0.9861083738580215
c6_arc9,6,discrete,9,0.5,60.0,108,18,40662,13,False,13277.57374630724,-0.4999999999999999,2,1.9999999999999998,2,2,0.4427490838973853,2|4|8|10,0.999999999392708,69.18869720119123,0.4427490838973853
c6_arc9,6,discrete,9,0.5,60.0,108,18,40662,14,False,13277.573746320686,-0.5,2,2.0,2,2,0.44274908484700926,2|4|8|10,0.999999999928192,24.188697238594333,0.44274908484700926
c6_arc9,6,discrete,9,0.5,60.0,108,18,40662,15,False,13759.162924420745,-0.5,2,2.0,2,4,0.4570586054075698,2|4|8|10,0.9999999999635186,24.476243136336027,0.4570586054075698
c6_arc9,6,discrete,9,0.5,60.0,108,18,40662,16,False,13759.162924487935,-0.5000000000000001,2,2.0,2,4,0.457058605420876,2|4|8|10,0.9999999999928005,1.9762431363321495,0.457058605420876
c6_arc9,6,discrete,9,0.5,60.0,108,18,40662,17,False,20195.195556995346,-0.9999999999999998,3,2.999999979876362,1,3,0.9037423428671227,3|9,0.9999999999459082,51.31663319143446,0.9037423428671227
c6_arc9,6,discrete,9,0.5,60.0,108,18,40662,18,False,20400.058553762894,-0.49999999999999994,2,1.9999999999999998,2,4,0.747376968003622,2|4|8|10,0.9999999999641188,41.78799937238041,0.747376968003622
c6_arc9,6,discrete,9,0.5,60.0,108,18,40662,19,False,20400.058553797986,-0.5000000000000001,2,2.0,2,4,0.7473769680151698,2|4|8|10,0.9999999999814949,19.287999372405295,0.7473769680151698
c6_arc9,6,discrete,9,0.5,60.0,108,18,40662,20,False,22465.607773988395,0.5000000000000001,1,0.9999999999999999,2,5,0.641517282998235,1|5|7|11,0.9999999999620147,19.285197978919314,0.641517282998235
c6_arc9,6,discrete,9,0.5,60.0,108,18,40662,21,False,22465.607773998734,0.5,1,1.0,2,5,0.6415172830191908,1|5|7|11,0.9999999999917686,1.285197978909955,0.6415172830191908
c6_arc9,6,discrete,9,0.5,60.0,108,18,40662,22,False,23327.544448311593,1.0,0,0.0,1,6,0.7721348316638861,0|6|12,0.9999999999258954,3.1330920429861115,0.7721348316638861
c6_arc9,6,discrete,9,0.5,60.0,108,18,40662,23,False,26986.07550115933,1.0,0,0.0,1,0,0.6941423385607205,0|6|12,0.9999999995725565,0.0,0.6941423385607205
c6_arc9,6,discrete,9,0.5,60.0,108,18,40662,24,False,28106.727345501564,-1.0,3,3.0,1,9,0.5427014287732076,3|9,0.9999999996133582,19.452220334305924,0.5427014287732076
c6_arc9,6,discrete,9,0.5,60.0,108,18,40662,25,False,32064.980464193053,0.4999999999999998,1,1.0000000000000002,2,1,0.5410538654990549,1|5|7|11,0.9999999997549844,6.370409132308593,0.5410538654990549
c6_arc9,6,discrete,9,0.5,60.0,108,18,40662,26,False,32064.9804642702,0.4999999999999999,1,1.0,2,1,0.5410538656684225,1|5|7|11,0.9999999999558791,96.37040912969421,0.5410538656684225
c6_arc9,6,discrete,9,0.5,60.0,108,18,40662,27,False,32827.33771970812,-0.9999999999999998,3,2.999999979876362,1,3,0.8094069297177705,3|9,0.9999999998190869,31.042841669988242,0.8094069297177705
c6_arc9,6,discrete,9,0.5,60.0,108,18,40662,28,False,33673.8626994093,1.0,0,0.0,1,6,0.666790119928359,0|6|12,0.9999999999701511,17.992826167684438,0.666790119928359
c6_arc9,6,discrete,9,0.5,60.0,108,18,40662,29,False,34828.62048503708,0.5,1,1.0,2,7,0.39607244135354974,1|5|7|11,0.9999999999664814,15.735503159982446,0.39607244135354974
c6_arc12,6,discrete,12,0.33333333333333337,60.0,108,18,42030,0,True,0.009025663931280656,0.6802366214591146,1,0.7856310625514786,2,1,0.8602453396176595,1|5|7|11,0.8602453396176793,137.9789163272917,0.8602453396176595
c6_arc12,6,discrete,12,0.33333333333333337,60.0,108,18,42030,1,True,0.00937495277498099,0.6274531189597303,1,0.8522922127472033,2,1,0.6692754758530762,1|5|7|11,0.669275475853097,164.5775911612846,0.6692754758530762
c6_arc12,6,discrete,12,0.33333333333333337,60.0,108,18,42030,2,True,0.00958488159230127,0.7477427981273471,1,0.6934128570033548,2,1,0.54971005692195,1|5|7|11,0.5497100569219646,154.29877038286833,0.54971005692195
c6_arc12,6,discrete,12,0.33333333333333337,60.0,108,18,42030,3,True,0.009614684692633895,0.7689089316475042,1,0.6623997880705148,2,1,0.5564640839212204,1|5|7|11,0.5564640839212329,139.66520107496115,0.5564640839212204
c6_arc12,6,discrete,12,0.33333333333333337,60.0,108,18,42030,4,True,0.009659675915099883,0.6636992073105299,1,0.8069565108574662,2,1,0.5427679673381104,1|5|7|11,0.5427679673381254,126.73292131266733,0.5427679673381104
c6_arc12,6,discrete,12,0.33333333333333337,60.0,108,18,42030,5,True,0.009998215427005647,0.5119593224957742,1,0.9867595403611249,2,1,0.8924444754416612,1|5|7|11,0.8924444754417015,58.95390960158452,0.8924444754416612
c6_arc12,6,discrete,12,0.33333333333333337,60.0,108,18,42030,6,False,4713.271581234358,-0.5,2,2.0,2,2,0.9704011131036936,2|4|8|10,0.9999999999989478,23.87020958521681,0.9704011131036936
c6_arc12,6,discrete,12,0.33333333333333337,60.0,108,18,42030,7,False,4713.271581236783,-0.4999999999999998,2,1.9999999999999998,2,2,0.970401113102858,2|4|8|10,0.9999999999984023,68.87020958521255,0.970401113102858
c6_arc12,6,discrete,12,0.33333333333333337,60.0,108,18,42030,8,False,9148.851482152051,0.9999999999999998,0,2.012363782876222e-08,1,0,0.939990088210232,0|6|12,0.9999999999677627,0.0,0.939990088210232
c6_arc12,6,discrete,12,0.33333333333333337,60.0,108,18,42030,9,False,10552.243408397782,-1.0,3,3.0,1,3,0.9695794001295737,3|9,0.9999999999825901,49.63922906611757,0.9695794001295737
c6_arc12,6,discrete,12,0.33333333333333337,60.0,108,18,42030,10,False,12779.475732203167,-1.0,3,3.0,1,3,0.9925058776022837,3|9,0.9999999999871224,19.651162543952694,0.9925058776022837
c6_arc12,6,discrete,12,0.33333333333333337,60.0,108,18,42030,11,False,13550.344218504039,-0.4999999999999999,2,1.9999999999999998,2,2,0.4182531781938814,2|4|8|10,0.9999999928916726,39.78254316284689,0.4182531781938814
c6_arc12,6,discrete,12,0.33333333333333337,60.0,108,18,42030,12,False,13550.344218602258,-0.4999999999999999,2,1.9999999999999998,2,2,0.4182531807435794,2|4|8|10,0.9999999994070444,84.78254315000288,0.4182531807435794
c6_arc12,6,discrete,12,0.33333333333333337,60.0,108,18,42030,13,False,14024.17554746683,0.49999999999999994,1,1.0,2,1,0.7914387606230683,1|5|7|11,0.9999999999461585,73.05944738282004,0.7914387606230683
c6_arc12,6,discrete,12,0.33333333333333337,60.0,108,18,42030,14,False,14024.17554752912,0.5,1,1.0,2,1,0.7914387606532052,1|5|7|11,0.9999999999860435,163.0594473828068,0.7914387606532052
c6_arc12,6,discrete,12,0.33333333333333337,60.0,108,18,42030,15,False,18665.783978201634,-0.4999999999999999,2,1.9999999999999998,2,4,0.6444529557310648,2|4|8|10,0.9999999999914583,2.1209913463212056,0.6444529557310648
c6_arc12,6,discrete,12,0.33333333333333337,60.0,108,18,42030,16,False,18665.783978294356,-0.5,2,2.0,2,4,0.6444529557117705,2|4|8|10,0.9999999999733723,24.62099134637759,0.6444529557117705
c6_arc12,6,discrete,12,0.33333333333333337,60.0,108,18,42030,17,False,23891.53416734959,-0.5000000000000001,2,2.0,2,4,0.47345574465932755,2|4|8|10,0.9999999999205982,14.999152490692902,0.47345574465932755
c6_arc12,6,discrete,12,0.33333333333333337,60.0,108,18,42030,18,False,23891.534167383958,-0.5000000000000001,2,2.0,2,4,0.47345574468570445,2|4|8|10,0.9999999999823758,37.499152490328356,0.47345574468570445
c6_arc12,6,discrete,12,0.33333333333333337,60.0,108,18,42030,19,False,27396.49148359876,0.5000000000000001,1,0.9999999999999999,2,5,0.7480755987507456,1|5|7|11,0.9999999996383478,23.59925900887856,0.7480755987507456
c6_arc12,6,discrete,12,0.33333333333333337,60.0,108,18,42030,20,False,27396.491483700436,0.5,1,1.0,2,5,0.748075598950004,1|5|7|11,0.9999999999030809,5.599259008881508,0.748075598950004
c6_arc12,6,discrete,12,0.33333333333333337,60.0,108,18,42030,21,False,27480.63304476561,0.9999999999999998,0,2.012363782876222e-08,1,0,0.7107349440306893,0|6|12,0.9999999393144648,0.0,0.7107349440306893
c6_arc12,6,discrete,12,0.33333333333333337,60.0,108,18,42030,22,False,27709.327549221634,-1.0,3,3.0,1,3,0.8818414644823072,3|9,0.9999999994000457,3.443558422399054,0.8818414644823072
c6_arc12,6,discrete,12,0.33333333333333337,60.0,108,18,42030,23,False,29188.30831589585,-1.0,3,3.0,1,9,0.5134782669733553,3|9,0.9999999969537099,18.141165698534547,0.5134782669733553
c6_arc12,6,discrete,12,0.33333333333333337,60.0,108,18,42030,24,False,31315.583476491287,1.0,0,0.0,1,6,0.8172180840833259,0|6|12,0.9999999998113754,6.065130923422339,0.8172180840833259
c6_arc12,6,discrete,12,0.33333333333333337,60.0,108,18,42030,25,False,32820.62644358518,0.4999999999999999,1,1.0,2,1,0.7787366314429468,1|5|7|11,0.9999999986517546,169.1769320676916,0.7787366314429468
c6_arc12,6,discrete,12,0.33333333333333337,60.0,108,18,42030,26,False,32820.62644368877,0.4999999999999999,1,1.0,2,1,0.7787366319527093,1|5|7|11,0.9999999993799584,79.1769320650247,0.7787366319527093
c6_arc12,6,discrete,12,0.33333333333333337,60.0,108,18,42030,27,False,32969.966801110146,-1.0,3,3.0,1,3,0.8109774737138962,3|9,0.9999999994072692,41.80925597532409,0.8109774737138962
c6_arc12,6,discrete,12,0.33333333333333337,60.0,108,18,42030,28,False,41463.87137029168,0.9999999999999998,0,2.012363782876222e-08,1,6,0.9061445004043657,0|6|12,0.9999999999075112,20.103252686011306,0.9061445004043657
c6_arc12,6,discrete,12,0.33333333333333337,60.0,108,18,42030,29,False,42670.1810950092,-1.0,3,3.0,1,3,0.9548754675808354,3|9,0.9999999999194238,45.74013059826568,0.9548754675808354
c6_arc15,6,discrete,15,0.16666666666666663,60.0,108,18,42714,0,True,0.007129845310838256,0.8408889880875342,1,0.5460981006067807,2,1,0.7281979534873809,1|5|7|11,0.7281979534874161,57.81391562316348,0.7281979534873809
c6_arc15,6,discrete,15,0.16666666666666663,60.0,108,18,42714,1,True,0.008134037918387125,0.5066315084319057,1,0.9926714077000234,2,1,0.7420584466991746,1|5|7|11,0.7420584466992081,44.65736316586331,0.7420584466991746
c6_arc15,6,discrete,15,0.16666666666666663,60.0,108,18,42714,2,True,0.008487866263978436,0.5719676892941716,1,0.9185407832518189,2,1,0.7974657731693463,1|5|7|11,0.7974657731693688,47.21476632456915,0.7974657731693463
c6_arc15,6,discrete,15,0.16666666666666663,60.0,108,18,42714,3,True,0.008689257428167575,0.6352400909991648,1,0.8427034359560301,2,1,0.7310288098644828,1|5|7|11,0.7310288098644991,50.73616304127443,0.7310288098644828
c6_arc15,6,discrete,15,0.16666666666666663,60.0,108,18,42714,4,True,0.009134795269184655,0.8906580986862564,0,0.45073233178659494,2,0,0.5921520914147532,0|6|12,0.5921520914147599,0.0,0.5921520914147532
c6_arc15,6,discrete,15,0.16666666666666663,60.0,108,18,42714,5,True,0.011029713271050729,0.5546136245009673,1,0.9385982279845014,2,1,0.7887212309856078,1|5|7|11,0.7887212309856221,144.6605189121619,0.7887212309856078
c6_arc15,6,discrete,15,0.16666666666666663,60.0,108,18,42714,6,False,4762.878040017694,-0.5,2,2.0,2,2,0.9894522149978267,2|4|8|10,0.9999999999852923,72.42991115873411,0.9894522149978267
c6_arc15,6,discrete,15,0.16666666666666663,60.0,108,18,42714,7,False,4762.878040021246,-0.5,2,2.0,2,2,0.9894522149983456,2|4|8|10,0.9999999999852051,27.42991115873454,0.9894522149983456
c6_arc15,6,discrete,15,0.16666666666666663,60.0,108,18,42714,8,False,9124.871139843153,1.0,0,0.0,1,0,0.9654349448208598,0|6|12,0.9999999999409357,0.0,0.9654349448208598
c6_arc15,6,discrete,15,0.16666666666666663,60.0,108,18,42714,9,False,11472.459978153882,-1.0,3,3.0,1,3,0.9881086318117142,3|9,0.9999999999784552,50.762201862438545,0.9881086318117142
c6_arc15,6,discrete,15,0.16666666666666663,60.0,108,18,42714,10,False,12530.57755370999,-1.0,3,3.0,1,3,0.9954650215009282,3|9,0.999999999955804,20.714748388084118,0.9954650215009282
c6_arc15,6,discrete,15,0.16666666666666663,60.0,108,18,42714,11,False,13862.479598361095,-0.5,2,2.0,2,2,0.48333670966355635,2|4|8|10,0.9999999985196341,29.23602649075749,0.48333670966355635
c6_arc15,6,discrete,15,0.16666666666666663,60.0,108,18,42714,12,False,13862.479598435833,-0.5,2,2.0,2,2,0.48333670854416483,2|4|8|10,0.9999999957993109,74.23602649832767,0.48333670854416483
c6_arc15,6,discrete,15,0.16666666666666663,60.0,108,18,42714,13,False,15204.050549836527,0.5,1,1.0,2,1,0.8930686446198249,1|5|7|11,0.9999999998906953,163.14985763354522,0.8930686446198249
c6_arc15,6,discrete,15,0.16666666666666663,60.0,108,18,42714,14,False,15204.050550123384,0.4999999999999999,1,1.0,2,1,0.893068644663313,1|5|7|11,0.9999999999351294,73.14985763342533,0.893068644663313
c6_arc15,6,discrete,15,0.16666666666666663,60.0,108,18,42714,15,False,20469.807560261586,-0.5,2,2.0,2,4,0.818691898696644,2|4|8|10,0.9999999999934377,43.25340048239569,0.818691898696644
c6_arc15,6,discrete,15,0.16666666666666663,60.0,108,18,42714,16,False,20469.807560270732,-0.5,2,2.0,2,4,0.8186918986956403,2|4|8|10,0.9999999999924134,20.753400482421135,0.8186918986956403
c6_arc15,6,discrete,15,0.16666666666666663,60.0,108,18,42714,17,False,26444.90531422038,-0.5,2,2.0,2,2,0.6914309745224109,2|4|8|10,0.9999999999424415,62.14006454880411,0.6914309745224109
c6_arc15,6,discrete,15,0.16666666666666663,60.0,108,18,42714,18,False,26444.905314562555,-0.5000000000000001,2,2.0,2,2,0.6914309745465667,2|4|8|10,0.9999999999690882,17.140064548576703,0.6914309745465667
c6_arc15,6,discrete,15,0.16666666666666663,60.0,108,18,42714,19,False,28217.963915398763,1.0,0,0.0,1,0,0.7488396327831558,0|6|12,0.9999999976837733,0.0,0.7488396327831558
c6_arc15,6,discrete,15,0.16666666666666663,60.0,108,18,42714,20,False,30017.424504853378,0.49999999999999994,1,1.0,2,5,0.8709450917446055,1|5|7|11,0.9999999999883628,1.3805627213860145,0.8709450917446055
c6_arc15,6,discrete,15,0.16666666666666663,60.0,108,18,42714,21,False,30017.424504880513,0.5000000000000001,1,0.9999999999999999,2,5,0.8709450917283852,1|5|7|11,0.9999999999709169,19.380562721388124,0.8709450917283852
c6_arc15,6,discrete,15,0.16666666666666663,60.0,108,18,42714,22,False,30347.812856291697,-1.0,3,3.0,1,3,0.5433223906179615,3|9,0.9999999954574084,31.104504866536466,0.5433223906179615
c6_arc15,6,discrete,15,0.16666666666666663,60.0,108,18,42714,23,False,33148.425309831124,-0.9999999999999998,3,2.999999979876362,1,3,0.8174900918520976,3|9,0.9999999994460165,49.527340507293644,0.8174900918520976
c6_arc15,6,discrete,15,0.16666666666666663,60.0,108,18,42714,24,False,33790.95112385022,0.5,1,1.0,2,1,0.8425121778634652,1|5|7|11,0.9999999992303302,153.49952602436767,0.8425121778634652
c6_arc15,6,discrete,15,0.16666666666666663,60.0,108,18,42714,25,False,33790.95112388137,0.4999999999999999,1,1.0,2,1,0.8425121773371146,1|5|7|11,0.9999999989818705,63.49952602289744,0.8425121773371146
c6_arc15,6,discrete,15,0.16666666666666663,60.0,108,18,42714,26,False,35052.45266611433,-1.0,3,3.0,1,3,0.916360297566563,3|9,0.9999999999306516,6.958201231463497,0.916360297566563
c6_arc15,6,discrete,15,0.16666666666666663,60.0,108,18,42714,27,False,37510.09693268753,1.0,0,0.0,1,6,0.8911341152820562,0|6|12,0.9999999999658692,8.160767815807874,0.8911341152820562
c6_arc15,6,discrete,15,0.16666666666666663,60.0,108,18,42714,28,False,42669.170224785776,1.0,0,0.0,1,6,0.959318765074391,0|6|12,0.99999999971016,22.954592838922448,0.959318765074391
c6_arc15,6,discrete,15,0.16666666666666663,60.0,108,18,42714,29,False,42939.9816678802,-1.0,3,3.0,1,3,0.9756820683600835,3|9,0.9999999996170817,42.61991151848985,0.9756820683600835
c6_arc17,6,discrete,17,0.05555555555555558,60.0,108,18,43092,0,True,0.007795237846261452,0.6674545096307292,1,0.8021515778306426,2,1,0.6459580181015423,1|5|7|11,0.6459580181015663,61.403594567892846,0.6459580181015423
c6_arc17,6,discrete,17,0.05555555555555558,60.0,108,18,43092,1,True,0.009077984303648609,0.6354357959973721,1,0.8424614310011969,2,1,0.8484598397328035,1|5|7|11,0.848459839732827,76.76405351870137,0.8484598397328035
c6_arc17,6,discrete,17,0.05555555555555558,60.0,108,18,43092,2,True,0.009606727048523145,0.5640346004857105,1,0.9277453488277,2,0,0.6751656695339854,1|5|7|11,0.3248343304612692,0.0,0.6751656695339854
c6_arc17,6,discrete,17,0.05555555555555558,60.0,108,18,43092,3,True,0.010104838254992417,0.7152508574899653,1,0.7389373064155674,2,1,0.5988910134408177,1|5|7|11,0.5988910134408408,113.64265174545189,0.5988910134408177
c6_arc17,6,discrete,17,0.05555555555555558,60.0,108,18,43092,4,True,0.01043004922537811,0.7991311829073402,1,0.6158797276431963,2,1,0.6879999930167745,1|5|7|11,0.687999993016817,30.09681688448083,0.6879999930167745
c6_arc17,6,discrete,17,0.05555555555555558,60.0,108,18,43092,5,True,0.012991959006870873,0.6186930534888835,1,0.8629873832588827,2,1,0.7025958865841293,1|5|7|11,0.702595886584178,174.40095873822563,0.7025958865841293
c6_arc17,6,discrete,17,0.05555555555555558,60.0,108,18,43092,6,False,4759.470378620898,-0.4999999999999999,2,1.9999999999999998,2,2,0.9986853339113472,2|4|8|10,0.9999999999920273,60.53191495554822,0.9986853339113472
c6_arc17,6,discrete,17,0.05555555555555558,60.0,108,18,43092,7,False,4759.470378627488,-0.5000000000000001,2,2.0,2,2,0.9986853339129484,2|4|8|10,0.9999999999948864,15.531914955540874,0.9986853339129484
c6_arc17,6,discrete,17,0.05555555555555558,60.0,108,18,43092,8,False,9074.32918543257,0.9999999999999998,0,2.012363782876222e-08,1,0,0.991219753038202,0|6|12,0.9999999999642225,0.0,0.991219753038202
c6_arc17,6,discrete,17,0.05555555555555558,60.0,108,18,43092,9,False,11983.76036813692,-1.0,3,3.0,1,3,0.9985988235451221,3|9,0.9999999999751162,50.52728742836176,0.9985988235451221
c6_arc17,6,discrete,17,0.05555555555555558,60.0,108,18,43092,10,False,12228.16950718086,-1.0,3,3.0,1,3,0.9992112610656353,3|9,0.9999999999764445,20.52445257873119,0.9992112610656353
c6_arc17,6,discrete,17,0.05555555555555558,60.0,108,18,43092,11,False,15105.274232303105,-0.5,2,2.0,2,2,0.7953233614781796,2|4|8|10,0.9999999932284648,28.50170426542901,0.7953233614781796
c6_arc17,6,discrete,17,0.05555555555555558,60.0,108,18,43092,12,False,15105.274232392883,-0.4999999999999999,2,1.9999999999999998,2,2,0.7953233657356533,2|4|8|10,0.999999999388312,73.50170426765375,0.7953233657356533
c6_arc17,6,discrete,17,0.05555555555555558,60.0,108,18,43092,13,False,15828.422278862467,0.5,1,1.0,2,1,0.9807002363264109,1|5|7|11,0.9999999999481789,48.47830333195111,0.9807002363264109
c6_arc17,6,discrete,17,0.05555555555555558,60.0,108,18,43092,14,False,15828.4222788888,0.5,1,1.0,2,1,0.980700236368739,1|5|7|11,0.9999999999936467,138.47830333193096,0.980700236368739
c6_arc17,6,discrete,17,0.05555555555555558,60.0,108,18,43092,15,False,21101.932845072854,-0.5,2,2.0,2,4,0.9569588508945421,2|4|8|10,0.9999999999611482,16.279834235002667,0.9569588508945421
c6_arc17,6,discrete,17,0.05555555555555558,60.0,108,18,43092,16,False,21101.93284525963,-0.5000000000000001,2,2.0,2,4,0.9569588509190926,2|4|8|10,0.9999999999927496,38.77983423506522,0.9569588509190926
c6_arc17,6,discrete,17,0.05555555555555558,60.0,108,18,43092,17,False,28135.74898062884,-0.5,2,2.0,2,2,0.9250745299158207,2|4|8|10,0.9999999999935608,47.94826592628665,0.9250745299158207
c6_arc17,6,discrete,17,0.05555555555555558,60.0,108,18,43092,18,False,28135.748980640667,-0.5000000000000002,2,2.0,2,2,0.9250745298958001,2|4|8|10,0.99999999997394,2.948265926311747,0.9250745298958001
c6_arc17,6,discrete,17,0.05555555555555558,60.0,108,18,43092,19,False,31265.986376327193,0.5,1,1.0,2,5,0.9750974764514562,1|5|7|11,0.9999999997697557,10.550025466033524,0.9750974764514562
c6_arc17,6,discrete,17,0.05555555555555558,60.0,108,18,43092,20,False,31265.986376385383,0.5,1,1.0,2,5,0.9750974765663967,1|5|7|11,0.9999999998803227,28.55002546603752,0.9750974765663967
c6_arc17,6,discrete,17,0.05555555555555558,60.0,108,18,43092,21,False,31272.820871628348,1.0,0,0.0,1,0,0.9199496888226567,0|6|12,0.9999998270651052,0.0,0.9199496888226567
c6_arc17,6,discrete,17,0.05555555555555558,60.0,108,18,43092,22,False,33779.0151333836,-1.0,3,3.0,1,3,0.8006396698006313,3|9,0.9999999937530669,32.26103452135893,0.8006396698006313
c6_arc17,6,discrete,17,0.05555555555555558,60.0,108,18,43092,23,False,35040.593053131044,-1.0,3,3.0,1,3,0.9471985338289766,3|9,0.9999999988677477,0.11483804429515201,0.9471985338289766
c6_arc17,6,discrete,17,0.05555555555555558,60.0,108,18,43092,24,False,37114.49143920463,0.49999999999999994,1,1.0,2,1,0.9548219010086324,1|5|7|11,0.9999999981223892,8.181962842470991,0.9548219010086324
c6_arc17,6,discrete,17,0.05555555555555558,60.0,108,18,43092,25,False,37114.49143943179,0.49999999999999994,1,1.0,2,1,0.9548219030575591,1|5|7|11,0.9999999999512861,98.18196284000967,0.9548219030575591
c6_arc17,6,discrete,17,0.05555555555555558,60.0,108,18,43092,26,False,41526.11271267801,-0.9999999999999999,3,2.999999985770439,1,3,0.9838067076101616,3|9,0.9999999995685535,7.329769051383157,0.9838067076101616
c6_arc17,6,discrete,17,0.05555555555555558,60.0,108,18,43092,27,False,41832.45541327082,0.9999999999999999,0,1.4229560770859897e-08,1,6,0.9777396846713614,0|6|12,0.999999999658407,10.041305684729249,0.9777396846713614
c6_arc17,6,discrete,17,0.05555555555555558,60.0,108,18,43092,28,False,42576.860122088634,-0.9999999999999999,3,2.999999985770439,1,3,0.9956570807170338,3|9,0.9999999998593712,38.5304405272858,0.9956570807170338
c6_arc17,6,discrete,17,0.05555555555555558,60.0,108,18,43092,29,False,42739.95328658277,1.0,0,0.0,1,6,0.9894666184316898,0|6|12,0.999999999909059,25.015050238923585,0.9894666184316898
c6_arc18,6,discrete,18,0.0,60.0,108,18,43092,0,True,0.011784841555332805,0.6727446073935657,1,0.7953458336965566,2,1,0.6580619272147223,1|5|7|11,0.6580619272147581,59.626051004321866,0.6580619272147223
c6_arc18,6,discrete,18,0.0,60.0,108,18,43092,1,True,0.011991880573432145,0.9010898396157553,0,0.42830510621865575,2,1,0.6403461424607061,0|6|12,0.3596538575380968,29.07174055385254,0.6403461424607061
c6_arc18,6,discrete,18,0.0,60.0,108,18,43092,2,True,0.012803086746139057,0.5638206277906784,1,0.9279927729991866,2,1,0.8962823754232053,1|5|7|11,0.8962823754232445,121.51425035932165,0.8962823754232053
c6_arc18,6,discrete,18,0.0,60.0,108,18,43092,3,True,0.012940326499530242,0.5209513111950358,1,0.9767319128746552,2,1,0.7037998505696951,1|5|7|11,0.7037998505697373,81.99308078012562,0.7037998505696951
c6_arc18,6,discrete,18,0.0,60.0,108,18,43092,4,True,0.013555002184104438,0.6957654057704469,1,0.7651959737087944,2,1,0.6146507498028119,1|5|7|11,0.6146507498028335,115.54355507020504,0.6146507498028119
c6_arc18,6,discrete,18,0.0,60.0,108,18,43092,5,True,0.014337213807131294,0.6456282082345182,1,0.8297867880276156,2,1,0.6694109210595515,1|5|7|11,0.6694109210595863,175.1318879668769,0.6694109210595515
c6_arc18,6,discrete,18,0.0,60.0,108,18,43092,6,False,4731.961215401546,-0.4999999999999999,2,1.9999999999999998,2,2,0.9999999999959511,2|4|8|10,0.9999999999963526,52.70998154377829,0.9999999999959511
c6_arc18,6,discrete,18,0.0,60.0,108,18,43092,7,False,4731.96121541411,-0.5,2,2.0,2,2,0.9999999999943371,2|4|8|10,0.9999999999947151,7.709981543778981,0.9999999999943371
c6_arc18,6,discrete,18,0.0,60.0,108,18,43092,8,False,9022.799427007098,1.0,0,0.0,1,0,0.9999999997957846,0|6|12,0.9999999998046385,0.0,0.9999999997957846
c6_arc18,6,discrete,18,0.0,60.0,108,18,43092,9,False,12045.19451313425,-1.0,3,3.0,1,3,0.9999999999841275,3|9,0.9999999999843457,29.742638167379127,0.9999999999841275
c6_arc18,6,discrete,18,0.0,60.0,108,18,43092,10,False,12045.194513355598,-1.0,3,3.0,1,3,0.9999999999203136,3|9,0.9999999999212106,59.74263816735175,0.9999999999203136
c6_arc18,6,discrete,18,0.0,60.0,108,18,43092,11,False,15420.503971117778,-0.4999999999999999,2,1.9999999999999998,2,2,0.9999999976969293,2|4|8|10,0.9999999978509788,66.40236976488558,0.9999999976969293
c6_arc18,6,discrete,18,0.0,60.0,108,18,43092,12,False,15420.50397131628,-0.5,2,2.0,2,2,0.9999999441037056,2|4|8|10,0.9999999454355811,21.402369763883616,0.9999999441037056
c6_arc18,6,discrete,18,0.0,60.0,108,18,43092,13,False,15834.498804539642,0.5,1,1.0,2,1,0.9999999999753129,1|5|7|11,0.9999999999775879,120.25415333318597,0.9999999999753129
c6_arc18,6,discrete,18,0.0,60.0,108,18,43092,14,False,15834.49880473481,0.5,1,1.0,2,1,0.99999999975914,1|5|7|11,0.9999999997894747,30.254153333198417,0.99999999975914
c6_arc18,6,discrete,18,0.0,60.0,108,18,43092,15,False,21031.090544166993,-0.5,2,2.0,2,4,0.999999999958735,2|4|8|10,0.9999999999658786,6.940807170294835,0.999999999958735
c6_arc18,6,discrete,18,0.0,60.0,108,18,43092,16,False,21031.0905442124,-0.5000000000000001,2,2.0,2,4,0.9999999999394819,2|4|8|10,0.9999999999496907,29.44080717027496,0.9999999999394819
c6_arc18,6,discrete,18,0.0,60.0,108,18,43092,17,False,28190.484554670777,-0.49999999999999994,2,1.9999999999999998,2,2,0.9999999999714035,2|4|8|10,0.999999999980114,42.90268989070376,0.9999999999714035
c6_arc18,6,discrete,18,0.0,60.0,108,18,43092,18,False,28190.48455477926,-0.5,2,2.0,2,2,0.9999999998441301,2|4|8|10,0.999999999875058,87.90268989069558,0.9999999998441301
c6_arc18,6,discrete,18,0.0,60.0,108,18,43092,19,False,31202.291731131954,0.5,1,1.0,2,5,0.9999999999556861,1|5|7|11,0.99999999996249,13.453479951093165,0.9999999999556861
c6_arc18,6,discrete,18,0.0,60.0,108,18,43092,20,False,31202.291731375375,0.49999999999999994,1,1.0,2,5,0.9999999998748763,1|5|7|11,0.9999999998874196,31.45347995112861,0.9999999998748763
c6_arc18,6,discrete,18,0.0,60.0,108,18,43092,21,False,31832.90890386594,1.0,0,0.0,1,0,0.9999999956954044,0|6|12,0.9999999958038389,0.0,0.9999999956954044
c6_arc18,6,discrete,18,0.0,60.0,108,18,43092,22,False,35034.63022011133,-1.0,3,3.0,1,3,0.999999998967692,3|9,0.9999999989809346,15.54380000707587,0.999999998967692
c6_arc18,6,discrete,18,0.0,60.0,108,18,43092,23,False,35034.63022012266,-1.0,3,3.0,1,3,0.9999999957858888,3|9,0.9999999958361641,45.54380002285534,0.9999999957858888
c6_arc18,6,discrete,18,0.0,60.0,108,18,43092,24,False,37640.01525570881,0.4999999999999999,1,1.0,2,1,0.9999999977969466,1|5|7|11,0.9999999981816563,26.850096988064713,0.9999999977969466
c6_arc18,6,discrete,18,0.0,60.0,108,18,43092,25,False,37640.01525580681,0.49999999999999994,1,1.0,2,1,0.99999999868734,1|5|7|11,0.9999999989466033,116.85009698071288,0.99999999868734
c6_arc18,6,discrete,18,0.0,60.0,108,18,43092,26,False,42174.52795787626,-1.0,3,3.0,1,3,0.9999999997677254,3|9,0.9999999997680242,19.70887937492225,0.9999999997677254
c6_arc18,6,discrete,18,0.0,60.0,108,18,43092,27,False,42174.52795797732,-1.0,3,3.0,1,3,0.9999999988627651,3|9,0.9999999988653269,49.70887937484789,0.9999999988627651
c6_arc18,6,discrete,18,0.0,60.0,108,18,43092,28,False,42269.08897163643,1.0,0,0.0,1,6,0.999999999636692,0|6|12,0.9999999996381578,29.42509513155894,0.999999999636692
c6_arc18,6,discrete,18,0.0,60.0,108,18,43092,29,False,42269.08897168059,1.0,0,0.0,1,6,0.9999999992505367,0|6|12,0.9999999992526919,14.425095131557866,0.9999999992505367
