rail,mode,f_Hz,mass_total_g,ndof,phi2_max_all_per_kg,phi2_max_surface_per_kg,m_eff_all_g,m_eff_surface_g,antinode_r_mm,antinode_z_mm,phi2_max_all_times_mass,config,bc,mesh_size_mm,m_limit_all_half_floor_0p05pct_mg,m_limit_surface_half_floor_0p05pct_mg,m_limit_all_half_floor_0p05pct_pct_of_part,m_limit_all_floor_0p1pct_mg,m_limit_surface_floor_0p1pct_mg,m_limit_all_floor_0p1pct_pct_of_part,m_limit_all_half_tight_0p015pct_mg,m_limit_surface_half_tight_0p015pct_mg,m_limit_all_half_tight_0p015pct_pct_of_part,dff_pct_all_0p2g,dff_pct_surface_0p2g,dff_pct_all_0p5g,dff_pct_surface_0p5g,dff_pct_all_2g,dff_pct_surface_2g,mass_norm_dev,mode_kind,eb_tip_anchor_per_kg
canonical_b5_clamped,0,839.7060204327078,68.41827149035852,278520,57.994954132812296,57.73840529830959,17.242879401368842,17.31949462118721,37.0656320106896,5.1000000000000005,3.9679145169296417,asbuilt,bore clamp,1.2,17.242879401368842,17.31949462118721,0.02520215583610396,34.485758802737685,34.63898924237442,0.05040431167220792,5.172863820410652,5.195848386356162,0.007560646750831189,0.5799495413281229,0.5773840529830959,1.4498738533203075,1.4434601324577396,5.79949541328123,5.7738405298309585,,,
canonical_b5_clamped,1,847.8043724140231,68.41827149035852,278520,56.44583298575656,56.44583298575656,17.716099614516065,17.716099614516065,36.56000000000001,6.1000000000000005,3.8619263257189265,asbuilt,bore clamp,1.2,17.716099614516065,17.716099614516065,0.0258938134925151,35.43219922903213,35.43219922903213,0.0517876269850302,5.314829884354819,5.314829884354819,0.007768144047754529,0.5644583298575656,0.5644583298575656,1.411145824643914,1.411145824643914,5.644583298575656,5.644583298575656,,,
canonical_b5_clamped,2,1702.7913260524472,68.41827149035852,278520,22.480271002218025,22.480271002218025,44.483449505628045,44.483449505628045,36.55510600197358,6.1000000000000005,1.5380612846065869,asbuilt,bore clamp,1.2,44.48344950562805,44.48344950562805,0.06501691512609559,88.9668990112561,88.9668990112561,0.13003383025219117,13.345034851688414,13.345034851688414,0.019505074537828675,0.22480271002218027,0.22480271002218027,0.5620067750554506,0.5620067750554506,2.2480271002218024,2.2480271002218024,,,
canonical_b5_clamped,3,4298.999631427595,68.41827149035852,278520,75.46820954171686,75.46820954171686,13.25061249064384,13.25061249064384,36.56,6.1000000000000005,5.16340444931645,asbuilt,bore clamp,1.2,13.250612490643839,13.250612490643839,0.019367067015879102,26.501224981287677,26.501224981287677,0.038734134031758204,3.9751837471931517,3.9751837471931517,0.00581012010476373,0.7546820954171686,0.7546820954171686,1.8867052385429215,1.8867052385429215,7.546820954171686,7.546820954171686,,,
canonical_b5_clamped,4,4299.204901920058,68.41827149035852,278520,84.91357343251433,84.91357343251433,11.776680212319144,11.776680212319144,36.56,6.1000000000000005,5.80963992032226,asbuilt,bore clamp,1.2,11.776680212319144,11.776680212319144,0.017212770734757177,23.55336042463829,23.55336042463829,0.034425541469514355,3.5330040636957425,3.5330040636957425,0.005163831220427152,0.8491357343251432,0.8491357343251432,2.122839335812858,2.122839335812858,8.491357343251432,8.491357343251432,,,
canonical_b5_clamped,5,5068.535133667387,68.41827149035852,278520,28.91801751620647,28.68890929336234,34.580517127066955,34.85667544117359,37.0656320106896,5.1000000000000005,1.9785207733867574,asbuilt,bore clamp,1.2,34.580517127066955,34.8566754411736,0.050542810237379394,69.16103425413391,69.7133508823472,0.10108562047475879,10.374155138120086,10.457002632352077,0.015162843071213818,0.28918017516206473,0.2868890929336234,0.7229504379051618,0.7172227323340585,2.891801751620647,2.868890929336234,,,
canonical_b5_clamped,6,7522.160133008311,68.41827149035852,278520,82.62170108615965,82.62170108615965,12.103357675451138,12.103357675451138,36.56000000000001,0.0,5.65283397590812,asbuilt,bore clamp,1.2,12.10335767545114,12.10335767545114,0.017690241819623784,24.20671535090228,24.20671535090228,0.03538048363924757,3.631007302635341,3.631007302635341,0.0053070725458871345,0.8262170108615965,0.8262170108615965,2.0655425271539913,2.0655425271539913,8.262170108615965,8.262170108615965,,,
canonical_b5_clamped,7,8426.87939788253,68.41827149035852,278520,77.69579437124086,77.69579437124086,12.87070951642333,12.87070951642333,36.55999999999999,0.0,5.315811952950627,asbuilt,bore clamp,1.2,12.87070951642333,12.87070951642333,0.018811801637282032,25.74141903284666,25.74141903284666,0.037623603274564064,3.8612128549269986,3.8612128549269986,0.005643540491184609,0.7769579437124087,0.7769579437124087,1.9423948592810218,1.9423948592810218,7.769579437124087,7.769579437124087,,,
canonical_b5_clamped,8,8994.38748680619,68.41827149035852,278520,111.30133774793154,111.30133774793154,8.98461797705198,8.98461797705198,15.38841846856514,6.1000000000000005,7.615045143278069,asbuilt,bore clamp,1.2,8.98461797705198,8.98461797705198,0.013131898513861302,17.96923595410396,17.96923595410396,0.026263797027722604,2.695385393115594,2.695385393115594,0.003939569554158391,1.1130133774793156,1.1130133774793156,2.7825334436982883,2.7825334436982883,11.130133774793153,11.130133774793153,,,
canonical_b5_clamped,9,9012.19601720535,68.41827149035852,278520,114.24011020279227,114.24011020279227,8.753492956413114,8.753492956413114,15.388418468565144,6.1000000000000005,7.816110874943118,asbuilt,bore clamp,1.2,8.753492956413114,8.753492956413114,0.01279408667558439,17.506985912826227,17.506985912826227,0.02558817335116878,2.626047886923934,2.626047886923934,0.003838226002675317,1.1424011020279228,1.1424011020279228,2.856002755069807,2.856002755069807,11.424011020279227,11.424011020279227,,,
free_free_hex,0,3603.410649171758,61.52498507951416,37926,77.68407890710014,77.68407890710014,12.872650536229791,12.872650536229791,36.559999999999995,6.1000000000000005,4.779511795675137,hex_asbuilt,free-free,,12.87265053622979,12.87265053622979,0.02092263902151838,25.74530107245958,25.74530107245958,0.04184527804303676,3.8617951608689367,3.8617951608689367,0.006276791706455513,0.7768407890710015,0.7768407890710015,1.9421019726775037,1.9421019726775037,7.768407890710015,7.768407890710015,4.440892098500626e-15,,
free_free_hex,1,3603.410649179452,61.52498507951416,37926,68.19774535077956,68.19774535077956,14.663241355801935,14.663241355801935,36.56,6.1000000000000005,4.195865265163218,hex_asbuilt,free-free,,14.663241355801937,14.663241355801937,0.023832986447459254,29.326482711603873,29.326482711603873,0.04766597289491851,4.39897240674058,4.39897240674058,0.007149895934237775,0.6819774535077956,0.6819774535077956,1.704943633769489,1.704943633769489,6.819774535077956,6.819774535077956,4.440892098500626e-15,,
free_free_hex,2,6197.103932064902,61.52498507951416,37926,53.89969809500088,53.89969809500088,18.552979614792104,18.552979614792104,36.56,6.1000000000000005,3.3161781210852466,hex_asbuilt,free-free,,18.5529796147921,18.5529796147921,0.030155195634447456,37.1059592295842,37.1059592295842,0.06031039126889491,5.565893884437631,5.565893884437631,0.009046558690334237,0.5389969809500088,0.5389969809500088,1.347492452375022,1.347492452375022,5.389969809500088,5.389969809500088,4.440892098500626e-15,,
free_free_hex,3,7620.511140428668,61.52498507951416,37926,115.36639238471429,115.36639238471429,8.66803563264146,8.66803563264146,15.4,6.1000000000000005,7.097915570146922,hex_asbuilt,free-free,,8.66803563264146,8.66803563264146,0.014088643209647261,17.33607126528292,17.33607126528292,0.028177286419294522,2.600410689792438,2.600410689792438,0.004226592962894177,1.153663923847143,1.153663923847143,2.884159809617857,2.884159809617857,11.536639238471428,11.536639238471428,4.440892098500626e-15,,
free_free_hex,4,7620.511140493623,61.52498507951416,37926,136.74741474577203,136.74741474577203,7.312752506942132,7.312752506942132,15.4,6.1000000000000005,8.413382651895759,hex_asbuilt,free-free,,7.312752506942132,7.312752506942132,0.011885825729971685,14.625505013884265,14.625505013884265,0.02377165145994337,2.1938257520826396,2.1938257520826396,0.003565747718991505,1.3674741474577206,1.3674741474577206,3.418685368644301,3.418685368644301,13.674741474577203,13.674741474577203,4.440892098500626e-15,,
free_free_hex,5,7684.69215450915,61.52498507951416,37926,74.73301339321662,74.73301339321662,13.380967186996477,13.380967186996477,36.559999999999995,6.1000000000000005,4.597947533964784,hex_asbuilt,free-free,,13.380967186996479,13.380967186996479,0.021748834509594885,26.761934373992958,26.761934373992958,0.04349766901918977,4.014290156098943,4.014290156098943,0.006524650352878465,0.7473301339321663,0.7473301339321663,1.8683253348304156,1.8683253348304156,7.4733013393216625,7.4733013393216625,4.440892098500626e-15,,
free_free_hex,6,9337.120391580176,61.52498507951416,37926,135.32446106680175,135.32446106680175,7.389647016634773,7.389647016634773,36.56,0.0,8.325835448028272,hex_asbuilt,free-free,,7.389647016634773,7.389647016634773,0.012010806678107245,14.779294033269545,14.779294033269545,0.02402161335621449,2.2168941049904314,2.2168941049904314,0.0036032420034321734,1.3532446106680176,1.3532446106680176,3.3831115266700436,3.3831115266700436,13.532446106680174,13.532446106680174,4.440892098500626e-15,,
free_free_hex,7,9995.683614679072,61.52498507951416,37926,99.5432764706215,99.5432764706215,10.045881906400105,10.045881906400105,36.559999999999995,6.1000000000000005,6.124398599620941,hex_asbuilt,free-free,,10.045881906400107,10.045881906400107,0.016328133836061774,20.091763812800213,20.091763812800213,0.03265626767212355,3.013764571920032,3.013764571920032,0.004898440150818531,0.9954327647062151,0.9954327647062151,2.4885819117655377,2.4885819117655377,9.95432764706215,9.95432764706215,4.440892098500626e-15,,
free_free_hex,8,9995.683614690217,61.52498507951416,37926,118.05022723943021,118.05022723943021,8.470970563841385,8.470970563841385,36.56,0.0,7.263038469539199,hex_asbuilt,free-free,,8.470970563841387,8.470970563841387,0.013768342329370102,16.941941127682774,16.941941127682774,0.027536684658740204,2.541291169152416,2.541291169152416,0.004130502698811029,1.1805022723943022,1.1805022723943022,2.9512556809857555,2.9512556809857555,11.805022723943022,11.805022723943022,4.440892098500626e-15,,
free_free_hex,9,11182.069946991338,61.52498507951416,37926,242.74080541703978,242.74080541703978,4.119620507487212,4.119620507487212,36.56,0.0,14.934624431472622,hex_asbuilt,free-free,,4.119620507487212,4.119620507487212,0.006695849665242606,8.239241014974423,8.239241014974423,0.013391699330485212,1.2358861522461635,1.2358861522461635,0.0020087548995727815,2.427408054170398,2.427408054170398,6.068520135425995,6.068520135425995,24.27408054170398,24.27408054170398,4.440892098500626e-15,,
vane_coupon,0,886.8691796311269,0.9840000000000001,55080,4075.955283240099,4075.955283240099,0.24534125879935315,0.24534125879935315,30.0,-0.5,4.0107399987082575,asbuilt_30x4.1x1.0,root clamp,,0.24534125879935315,0.24534125879935315,0.024933054756031824,0.4906825175987063,0.4906825175987063,0.04986610951206365,0.07360237763980594,0.07360237763980594,0.0074799164268095466,40.75955283240099,40.75955283240099,101.89888208100248,101.89888208100248,407.59552832400993,407.59552832400993,,flap,4187.827760339663
vane_coupon,1,3573.1539139329925,0.9840000000000001,55080,4036.423051774174,4036.423051774174,0.2477441009461233,0.2477441009461233,30.06996009308958,0.0,3.9718402829457875,asbuilt_30x4.1x1.0,root clamp,,0.2477441009461233,0.2477441009461233,0.02517724603111009,0.4954882018922466,0.4954882018922466,0.05035449206222018,0.07432323028383699,0.07432323028383699,0.007553173809333026,40.36423051774174,40.36423051774174,100.91057629435436,100.91057629435436,403.6423051774174,403.6423051774174,,edge,4187.827760339663
vane_coupon,2,5528.649725065963,0.9840000000000001,55080,4071.9516542169486,4071.9516542169486,0.24558248351607792,0.24558248351607792,30.0,-0.5,4.006800427749478,asbuilt_30x4.1x1.0,root clamp,,0.24558248351607792,0.24558248351607792,0.024957569463016045,0.49116496703215584,0.49116496703215584,0.04991513892603209,0.07367474505482337,0.07367474505482337,0.007487270838904813,40.71951654216949,40.71951654216949,101.79879135542372,101.79879135542372,407.19516542169487,407.19516542169487,,flap,4187.827760339663
vane_coupon,3,11466.384031940263,0.9840000000000001,55080,6299.557563630238,6299.557563630238,0.15874130681389173,0.15874130681389173,30.06996009308958,0.5,6.198764642612155,asbuilt_30x4.1x1.0,root clamp,,0.15874130681389176,0.15874130681389176,0.016132246627428022,0.3174826136277835,0.3174826136277835,0.032264493254856044,0.04762239204416752,0.04762239204416752,0.004839673988228406,62.995575636302384,62.995575636302384,157.48893909075596,157.48893909075596,629.9557563630239,629.9557563630239,,flap,4187.827760339663
vane_coupon,4,15367.797331921469,0.9840000000000001,55080,4080.227395743123,4080.227395743123,0.24508437962141374,0.24508437962141374,30.0,0.5,4.014943757411233,asbuilt_30x4.1x1.0,root clamp,,0.24508437962141377,0.24508437962141377,0.02490694914851766,0.49016875924282755,0.49016875924282755,0.04981389829703532,0.07352531388642412,0.07352531388642412,0.007472084744555296,40.80227395743123,40.80227395743123,102.00568489357809,102.00568489357809,408.02273957431237,408.02273957431237,,flap,4187.827760339663
vane_coupon,5,20728.154421471594,0.9840000000000001,55080,3976.145512935154,3976.145512935154,0.2514998499795369,0.2514998499795369,30.06996009308958,0.0,3.9125271847281917,asbuilt_30x4.1x1.0,root clamp,,0.2514998499795369,0.2514998499795369,0.02555892784344887,0.5029996999590738,0.5029996999590738,0.05111785568689774,0.07544995499386106,0.07544995499386106,0.00766767835303466,39.76145512935154,39.76145512935154,99.40363782337886,99.40363782337886,397.61455129351543,397.61455129351543,,edge,4187.827760339663
vane_coupon,6,29810.96550687252,0.9840000000000001,55080,4104.495801584675,4104.495801584675,0.24363528392791078,0.24363528392791078,30.0,0.5,4.03882386875932,asbuilt_30x4.1x1.0,root clamp,,0.24363528392791078,0.24363528392791078,0.024759683326007195,0.48727056785582157,0.48727056785582157,0.04951936665201439,0.07309058517837322,0.07309058517837322,0.007427904997802156,41.04495801584675,41.04495801584675,102.61239503961687,102.61239503961687,410.4495801584675,410.4495801584675,,flap,4187.827760339663
vane_coupon,7,34628.98595155719,0.9840000000000001,55080,6550.81698161787,6550.81698161787,0.15265271534925828,0.15265271534925828,30.06996009308958,-0.5,6.446003909911984,asbuilt_30x4.1x1.0,root clamp,,0.15265271534925828,0.15265271534925828,0.015513487332241694,0.30530543069851657,0.30530543069851657,0.031026974664483387,0.04579581460477748,0.04579581460477748,0.004654046199672508,65.5081698161787,65.5081698161787,163.77042454044675,163.77042454044675,655.081698161787,655.081698161787,,flap,4187.827760339663
vane_coupon,8,41020.27482850164,0.9840000000000001,55080,2039.0678409105153,2039.0678409105153,0.4904201713825593,0.4904201713825593,30.0,0.0,2.0064427554559474,asbuilt_30x4.1x1.0,root clamp,,0.4904201713825593,0.4904201713825593,0.04983944831123569,0.9808403427651186,0.9808403427651186,0.09967889662247138,0.14712605141476778,0.14712605141476778,0.014951834493370708,20.390678409105153,20.390678409105153,50.97669602276288,50.97669602276288,203.90678409105152,203.90678409105152,,axial,4187.827760339663
vane_coupon,9,48649.36095362651,0.9840000000000001,55080,4147.7599204674225,4147.7599204674225,0.24109399270324866,0.24109399270324866,30.0,-0.5,4.081395761739944,asbuilt_30x4.1x1.0,root clamp,,0.24109399270324866,0.24109399270324866,0.02450142202268787,0.4821879854064973,0.4821879854064973,0.04900284404537574,0.07232819781097459,0.07232819781097459,0.007350426606806361,41.47759920467423,41.47759920467423,103.69399801168558,103.69399801168558,414.7759920467423,414.7759920467423,,flap,4187.827760339663
