sigma_rel,xi_d,s_bar,sigma_min,sigma_max,cond2,det_F,tr_Finv,corr,crlb_xi_mm,crlb_s_pp,mass_coupling
0.0001,0.2,0.01,81.91874833281919,14381.13229862168,175.5536136879688,1387882753413.916,0.00014902100077477187,0.974720461725873,0.25822490679346594,0.031131766376072165,None
0.0001,0.2,0.05,406.5874693533409,14487.465137396599,35.63185348638083,34697068835347.848,6.053881971249556e-06,0.974720461725873,0.05164498135869329,0.03113176637607223,None
0.0001,0.2,0.15,1151.2065274606355,15350.21296452887,13.334021826985998,312273619518131.4,7.588034970450033e-07,0.974720461725873,0.0172149937862311,0.03113176637607223,None
0.0001,0.5,0.01,121.65415578688514,6715.634204768844,55.20266990741651,667464179369.896,6.75909567888284e-05,0.6565981815844337,0.17391405195752482,0.019744999292846493,None
0.0001,0.5,0.05,606.4477710131556,6735.821688237032,11.107010381098279,16686604484247.375,2.7410653112722884e-06,0.6565981815844335,0.03478281039150495,0.019744999292846493,None
0.0001,0.5,0.15,1772.4876266768408,6913.8830431759825,3.90066646396766,150179440358226.75,3.3921747877021066e-07,0.6565981815844336,0.011594270130501657,0.019744999292846493,None
0.0001,0.8,0.01,45.423399224502695,5676.7199038175895,124.97347183905609,66489672630.66004,0.0004846950041491875,0.4096535906058716,0.46583619337292453,0.019310595812931996,None
0.0001,0.8,0.05,227.0817560129931,5677.600856275592,25.002452667094634,1662241815766.5044,1.9423598480589936e-05,0.40965359060587114,0.09316723867458489,0.019310595812931996,None
0.0001,0.8,0.15,680.3534497371783,5685.043147272871,8.356014288556944,14960176341898.469,2.19132419656781e-06,0.4096535906058715,0.031055746224861642,0.019310595812931996,None
0.0001,0.95,0.01,12.90582340123276,4155.235674447586,321.9659486469247,2875827007.5980425,0.0060038903678356495,0.9979841738897529,1.637608442382535,0.3796659598126983,None
0.0001,0.95,0.05,62.753131026565754,4272.833636159161,68.08956885912689,71895675189.94687,0.00025399365385332954,0.9979841738897529,0.3275216884765172,0.37966595981271006,None
0.0001,0.95,0.15,156.1798197030465,5150.480187538271,32.977885346078445,647061076709.5325,4.103451629841423e-05,0.997984173889753,0.10917389615883809,0.3796659598127067,None
0.0003,0.2,0.01,27.30624944427305,4793.7107662072285,175.55361368796898,17134354980.418634,0.0013411890069729526,0.974720461725873,0.7746747203803995,0.09339529912821672,None
0.0003,0.2,0.05,135.52915645111366,4829.155045798865,35.63185348638081,428358874510.4652,5.448493774124612e-05,0.9747204617258731,0.15493494407608002,0.0933952991282168,None
0.0003,0.2,0.15,383.73550915354525,5116.7376548429565,13.334021826985996,3855229870594.1963,6.829231473405051e-06,0.9747204617258731,0.05164498135869337,0.09339529912821684,None
0.0003,0.5,0.01,40.55138526229505,2238.544734922948,55.20266990741651,8240298510.739476,0.0006083186110994557,0.6565981815844337,0.5217421558725744,0.05923499787853948,None
0.0003,0.5,0.05,202.1492570043852,2245.2738960790107,11.10701038109828,206007462768.48657,2.4669587801450594e-05,0.6565981815844334,0.10434843117451487,0.05923499787853947,None
0.0003,0.5,0.15,590.8292088922806,2304.6276810586605,3.9006664639676574,1854067164916.3772,3.052957308931895e-06,0.6565981815844337,0.03478281039150495,0.05923499787853948,None
0.0003,0.8,0.01,15.141133074834231,1892.2399679391967,124.9734718390561,820860155.9340736,0.004362255037342687,0.4096535906058717,1.3975085801187734,0.05793178743879599,None
0.0003,0.8,0.05,75.6939186709977,1892.5336187585308,25.002452667094634,20521503898.35188,0.0001748123863253094,0.40965359060587203,0.2795017160237546,0.05793178743879599,None
0.0003,0.8,0.15,226.78448324572616,1895.0143824242898,8.35601428855694,184693535085.16672,1.972191776911028e-05,0.40965359060587203,0.0931672386745849,0.05793178743879599,None
0.0003,0.95,0.01,4.301941133744242,1385.0785581491953,321.96594864692554,35504037.130841374,0.05403501331051893,0.9979841738897527,4.912825327147518,1.1389978794380746,None
0.0003,0.95,0.05,20.917710342188627,1424.2778787197199,68.08956885912673,887600928.2709888,0.0022859428846798624,0.9979841738897529,0.9825650654295294,1.1389978794381046,None
0.0003,0.95,0.15,52.05993990101535,1716.8267291794243,32.97788534607856,7988408354.438379,0.0003693106466857417,0.997984173889753,0.32752168847652025,1.138997879438141,None
0.001,0.2,0.01,8.191874833281927,1438.1132298621678,175.55361368796864,138788275.34139198,0.01490210007747717,0.9747204617258729,2.582249067934658,0.3113176637607215,None
0.001,0.2,0.05,40.658746935334115,1448.7465137396596,35.6318534863808,3469706883.5347695,0.000605388197124957,0.9747204617258729,0.5164498135869336,0.3113176637607226,None
0.001,0.2,0.15,115.12065274606351,1535.021296452887,13.334021826986003,31227361951.813,7.588034970450053e-05,0.9747204617258729,0.17214993786231123,0.31131766376072273,None
0.001,0.5,0.01,12.165415578688513,671.5634204768845,55.20266990741652,66746417.936989546,0.006759095678882842,0.6565981815844336,1.7391405195752483,0.19744999292846493,None
0.001,0.5,0.05,60.644777101315555,673.5821688237032,11.107010381098283,1668660448.424742,0.0002741065311272289,0.6565981815844335,0.3478281039150496,0.1974499929284649,None
0.001,0.5,0.15,177.24876266768413,691.3883043175982,3.9006664639676587,15017944035.82266,3.3921747877021064e-05,0.6565981815844338,0.11594270130501654,0.19744999292846493,None
0.001,0.8,0.01,4.54233992245027,567.6719903817589,124.97347183905605,6648967.263065998,0.04846950041491875,0.4096535906058717,4.658361933729244,0.19310595812931997,None
0.001,0.8,0.05,22.70817560129931,567.7600856275591,25.002452667094627,166224181.5766497,0.001942359848058994,0.4096535906058718,0.931672386745849,0.19310595812931997,None
0.001,0.8,0.15,68.03534497371783,568.504314727287,8.356014288556944,1496017634.189851,0.000219132419656781,0.4096535906058718,0.3105574622486164,0.19310595812931997,None
0.001,0.95,0.01,1.2905823401232706,415.52356744475856,321.96594864692605,287582.7007597887,0.6003890367835995,0.9979841738897529,16.376084423825816,3.796659598127092,None
0.001,0.95,0.05,6.275313102656581,427.283363615916,68.08956885912681,7189567.5189948585,0.0253993653853323,0.9979841738897528,3.275216884765129,3.7966595981270523,None
0.001,0.95,0.15,15.617981970304623,515.0480187538273,32.977885346078516,64706107.670953885,0.004103451629841369,0.9979841738897529,1.0917389615883737,3.7966595981270417,None
0.003,0.2,0.01,2.730624944427306,479.37107662072276,175.5536136879689,1713435.4980418803,0.13411890069729437,0.9747204617258727,7.746747203803969,0.9339529912821639,None
0.003,0.2,0.05,13.552915645111367,482.9155045798866,35.63185348638082,42835887.45104664,0.005448493774124612,0.9747204617258728,1.5493494407608004,0.9339529912821678,None
0.003,0.2,0.15,38.373550915354514,511.67376548429576,13.334021826986001,385522987.05942065,0.0006829231473405024,0.974720461725873,0.5164498135869328,0.9339529912821667,None
0.003,0.5,0.01,4.055138526229505,223.8544734922948,55.20266990741651,824029.8510739454,0.06083186110994559,0.6565981815844337,5.2174215587257455,0.5923499787853949,None
0.003,0.5,0.05,20.214925700438513,224.52738960790106,11.107010381098283,20600746.27684864,0.0024669587801450614,0.6565981815844338,1.043484311745149,0.5923499787853949,None
0.003,0.5,0.15,59.08292088922803,230.46276810586605,3.900666463967659,185406716.49163756,0.0003052957308931896,0.6565981815844336,0.34782810391504965,0.5923499787853947,None
0.003,0.8,0.01,1.5141133074834232,189.22399679391964,124.97347183905607,82086.01559340757,0.43622550373426866,0.40965359060587125,13.975085801187735,0.5793178743879599,None
0.003,0.8,0.05,7.569391867099769,189.25336187585305,25.002452667094634,2052150.3898351863,0.017481238632530944,0.4096535906058716,2.795017160237547,0.57931787438796,None
0.003,0.8,0.15,22.678448324572617,189.50143824242895,8.356014288556938,18469353.508516654,0.001972191776911029,0.40965359060587153,0.9316723867458493,0.57931787438796,None
0.003,0.95,0.01,0.43019411337442454,138.5078558149195,321.96594864692526,3550.4037130838756,5.403501331052287,0.9979841738897528,49.128253271476964,11.389978794381161,None
0.003,0.95,0.05,2.0917710342188607,142.427787871972,68.0895688591268,88760.09282709722,0.22859428846798976,0.9979841738897529,9.825650654295368,11.389978794381133,None
0.003,0.95,0.15,5.2059939901015575,171.6826729179424,32.9778853460784,798840.83544384,0.03693106466857409,0.997984173889753,3.2752168847651997,11.389978794381397,None
