xi_d,s_bar,sigma_rel,f_max_kHz,set,model,n_obs,det_F,sigma_min,cond2,crlb_xi_mm,crlb_s_pp,labels,pool_ms,mass_coupling
0.2,0.01,0.0001,20.0,default_m0_3,gaussian_radial,4,1387882753413.916,81.91874833281919,175.5536136879688,0.25822490679346594,0.031131766376072165,m0n0|m1n0|m2n0|m3n0,0|1|2|3|4,None
0.2,0.01,0.0001,20.0,d_optimal_4,gaussian_radial,4,2425881783694.927,125.2347915036769,99.30813421338247,0.16891494238676644,0.020604064484853944,m0n0|m1n0|m3n0|m4n0,0|1|2|3|4,None
0.2,0.01,0.0001,20.0,all_measurable,gaussian_radial,5,3348477617211.626,125.24356876377932,116.65754476422514,0.16890335406562587,0.02011934274062107,m0n0|m1n0|m2n0|m3n0|m4n0,0|1|2|3|4,None
0.2,0.01,0.0001,20.0,freq_only,pocket,3,56430589.657186225,6.918301785707734,156.94890460112617,3.0564773191787395,0.5404718305042073,eta_m1|eta_m2|eta_m3,0|1|2|3|4,None
0.2,0.01,0.0001,20.0,freq_plus_splitting,pocket,6,1291362497.230066,27.893200545760948,46.18781166428707,0.7578408272851194,0.1788902682985531,eta_m1|eta_m2|eta_m3|dEta_m1|dEta_m2|dEta_m3,0|1|2|3|4,None
0.2,0.01,0.0003,20.0,default_m0_3,gaussian_radial,4,17134354980.418634,27.30624944427305,175.55361368796898,0.7746747203803995,0.09339529912821672,m0n0|m1n0|m2n0|m3n0,0|1|2|3|4,None
0.2,0.01,0.0003,20.0,d_optimal_4,gaussian_radial,4,29949157823.394226,41.74493050122564,99.30813421338247,0.5067448271602991,0.06181219345456182,m0n0|m1n0|m3n0|m4n0,0|1|2|3|4,None
0.2,0.01,0.0003,20.0,all_measurable,gaussian_radial,5,41339229842.11864,41.74785625459311,116.65754476422515,0.5067100621968776,0.06035802822186321,m0n0|m1n0|m2n0|m3n0|m4n0,0|1|2|3|4,None
0.2,0.01,0.0003,20.0,freq_only,pocket,3,696673.9463850129,2.306100595235912,156.94890460112615,9.169431957536233,1.6214154915126244,eta_m1|eta_m2|eta_m3,0|1|2|3|4,None
0.2,0.01,0.0003,20.0,freq_plus_splitting,pocket,6,15942746.879383512,9.297733515253652,46.18781166428703,2.2735224818553577,0.536670804895659,eta_m1|eta_m2|eta_m3|dEta_m1|dEta_m2|dEta_m3,0|1|2|3|4,None
0.2,0.01,0.001,20.0,default_m0_3,gaussian_radial,4,138788275.34139198,8.191874833281927,175.55361368796864,2.582249067934658,0.3113176637607215,m0n0|m1n0|m2n0|m3n0,0|1|2|3|4,None
0.2,0.01,0.001,20.0,d_optimal_4,gaussian_radial,4,242588178.3694933,12.523479150367693,99.30813421338246,1.6891494238676628,0.20604064484853932,m0n0|m1n0|m3n0|m4n0,0|1|2|3|4,None
0.2,0.01,0.001,20.0,all_measurable,gaussian_radial,5,334847761.7211623,12.524356876377938,116.65754476422508,1.689033540656257,0.2011934274062105,m0n0|m1n0|m2n0|m3n0|m4n0,0|1|2|3|4,None
0.2,0.01,0.001,20.0,freq_only,pocket,3,5643.058965718597,0.6918301785707738,156.9489046011261,30.564773191787467,5.404718305042086,eta_m1|eta_m2|eta_m3,0|1|2|3|4,None
0.2,0.01,0.001,20.0,freq_plus_splitting,pocket,6,129136.24972300604,2.7893200545760943,46.18781166428708,7.578408272851202,1.7889026829855326,eta_m1|eta_m2|eta_m3|dEta_m1|dEta_m2|dEta_m3,0|1|2|3|4,None
0.2,0.01,0.003,20.0,default_m0_3,gaussian_radial,4,1713435.4980418803,2.730624944427306,175.5536136879689,7.746747203803969,0.9339529912821639,m0n0|m1n0|m2n0|m3n0,0|1|2|3|4,None
0.2,0.01,0.003,20.0,d_optimal_4,gaussian_radial,4,2994915.7823394146,4.174493050122563,99.3081342133825,5.067448271602996,0.6181219345456188,m0n0|m1n0|m3n0|m4n0,0|1|2|3|4,None
0.2,0.01,0.003,20.0,all_measurable,gaussian_radial,5,4133922.984211875,4.174785625459312,116.65754476422511,5.067100621968775,0.603580282218632,m0n0|m1n0|m2n0|m3n0|m4n0,0|1|2|3|4,None
0.2,0.01,0.003,20.0,freq_only,pocket,3,69.66739463850168,0.23061005952359123,156.94890460112606,91.69431957536213,16.214154915126212,eta_m1|eta_m2|eta_m3,0|1|2|3|4,None
0.2,0.01,0.003,20.0,freq_plus_splitting,pocket,6,1594.2746879383499,0.9297733515253651,46.187811664287025,22.735224818553593,5.366708048956595,eta_m1|eta_m2|eta_m3|dEta_m1|dEta_m2|dEta_m3,0|1|2|3|4,None
0.2,0.05,0.0001,20.0,default_m0_3,gaussian_radial,4,34697068835347.848,406.5874693533409,35.63185348638083,0.05164498135869329,0.03113176637607223,m0n0|m1n0|m2n0|m3n0,0|1|2|3|4,None
0.2,0.05,0.0001,20.0,d_optimal_4,gaussian_radial,4,60647044592373.07,621.9650411409398,20.13134868578706,0.03378298847735329,0.02060406448485395,m0n0|m1n0|m3n0|m4n0,0|1|2|3|4,None
0.2,0.05,0.0001,20.0,all_measurable,gaussian_radial,5,83711940430290.52,622.0332907510084,23.646477088631418,0.03378067081312519,0.020119342740621077,m0n0|m1n0|m2n0|m3n0|m4n0,0|1|2|3|4,None
0.2,0.05,0.0001,20.0,freq_only,pocket,3,1400896018.5885372,33.94283546584656,32.48678338217005,0.613022530499372,0.542974723471548,eta_m1|eta_m2|eta_m3,0|1|2|3|4,None
0.2,0.05,0.0001,20.0,freq_plus_splitting,pocket,6,32295684713.170353,136.27706049975433,9.676687894000418,0.1514326165958703,0.1790238033413353,eta_m1|eta_m2|eta_m3|dEta_m1|dEta_m2|dEta_m3,0|1|2|3|4,None
0.2,0.05,0.0003,20.0,default_m0_3,gaussian_radial,4,428358874510.4652,135.52915645111366,35.63185348638081,0.15493494407608002,0.0933952991282168,m0n0|m1n0|m2n0|m3n0,0|1|2|3|4,None
0.2,0.05,0.0003,20.0,d_optimal_4,gaussian_radial,4,748728945584.8545,207.32168038031318,20.131348685787074,0.10134896543205985,0.061812193454561834,m0n0|m1n0|m3n0|m4n0,0|1|2|3|4,None
0.2,0.05,0.0003,20.0,all_measurable,gaussian_radial,5,1033480746052.9681,207.34443025033613,23.646477088631418,0.10134201243937546,0.06035802822186317,m0n0|m1n0|m2n0|m3n0|m4n0,0|1|2|3|4,None
0.2,0.05,0.0003,20.0,freq_only,pocket,3,17295012.57516704,11.31427848861552,32.48678338217006,1.83906759149812,1.6289241704146478,eta_m1|eta_m2|eta_m3,0|1|2|3|4,None
0.2,0.05,0.0003,20.0,freq_plus_splitting,pocket,6,398712156.95272136,45.42568683325146,9.676687894000413,0.4542978497876106,0.5370714100240056,eta_m1|eta_m2|eta_m3|dEta_m1|dEta_m2|dEta_m3,0|1|2|3|4,None
0.2,0.05,0.001,20.0,default_m0_3,gaussian_radial,4,3469706883.5347695,40.658746935334115,35.6318534863808,0.5164498135869336,0.3113176637607226,m0n0|m1n0|m2n0|m3n0,0|1|2|3|4,None
0.2,0.05,0.001,20.0,d_optimal_4,gaussian_radial,4,6064704459.237324,62.19650411409396,20.131348685787067,0.3378298847735329,0.20604064484853946,m0n0|m1n0|m3n0|m4n0,0|1|2|3|4,None
0.2,0.05,0.001,20.0,all_measurable,gaussian_radial,5,8371194043.029016,62.203329075100825,23.646477088631425,0.3378067081312519,0.20119342740621077,m0n0|m1n0|m2n0|m3n0|m4n0,0|1|2|3|4,None
0.2,0.05,0.001,20.0,freq_only,pocket,3,140089.60185885557,3.394283546584654,32.486783382170074,6.13022530499368,5.429747234715444,eta_m1|eta_m2|eta_m3,0|1|2|3|4,None
0.2,0.05,0.001,20.0,freq_plus_splitting,pocket,6,3229568.471317044,13.627706049975433,9.676687894000414,1.5143261659587017,1.7902380334133519,eta_m1|eta_m2|eta_m3|dEta_m1|dEta_m2|dEta_m3,0|1|2|3|4,None
0.2,0.05,0.003,20.0,default_m0_3,gaussian_radial,4,42835887.45104664,13.552915645111367,35.63185348638082,1.5493494407608004,0.9339529912821678,m0n0|m1n0|m2n0|m3n0,0|1|2|3|4,None
0.2,0.05,0.003,20.0,d_optimal_4,gaussian_radial,4,74872894.55848512,20.73216803803132,20.131348685787067,1.0134896543205993,0.6181219345456189,m0n0|m1n0|m3n0|m4n0,0|1|2|3|4,None
0.2,0.05,0.003,20.0,all_measurable,gaussian_radial,5,103348074.60529672,20.73444302503361,23.646477088631425,1.0134201243937557,0.6035802822186325,m0n0|m1n0|m2n0|m3n0|m4n0,0|1|2|3|4,None
0.2,0.05,0.003,20.0,freq_only,pocket,3,1729.5012575167334,1.1314278488615526,32.486783382170024,18.39067591498105,16.28924170414634,eta_m1|eta_m2|eta_m3,0|1|2|3|4,None
0.2,0.05,0.003,20.0,freq_plus_splitting,pocket,6,39871.2156952721,4.542568683325145,9.676687894000413,4.5429784978761045,5.370714100240056,eta_m1|eta_m2|eta_m3|dEta_m1|dEta_m2|dEta_m3,0|1|2|3|4,None
0.5,0.01,0.0001,20.0,default_m0_3,gaussian_radial,4,667464179369.896,121.65415578688514,55.20266990741651,0.17391405195752482,0.019744999292846493,m0n0|m1n0|m2n0|m3n0,0|1|2|3|4,None
0.5,0.01,0.0001,20.0,d_optimal_4,gaussian_radial,4,1471549263042.723,167.53838115850493,43.21741368389647,0.12629939053500908,0.013816624969199116,m0n0|m1n0|m3n0|m4n0,0|1|2|3|4,None
0.5,0.01,0.0001,20.0,all_measurable,gaussian_radial,5,2124663595887.1687,180.08095135673372,44.94791342252479,0.11750139404089945,0.012631096342135923,m0n0|m1n0|m2n0|m3n0|m4n0,0|1|2|3|4,None
0.5,0.01,0.0001,20.0,freq_only,pocket,3,21037040.090852372,11.087863672741555,37.307535606624874,1.9073496215015935,0.383858319528069,eta_m1|eta_m2|eta_m3,0|1|2|3|4,None
0.5,0.01,0.0001,20.0,freq_plus_splitting,pocket,6,100142646.58299752,20.5375438245901,23.72534443474602,1.030134393989859,0.22386970782041216,eta_m1|eta_m2|eta_m3|dEta_m1|dEta_m2|dEta_m3,0|1|2|3|4,None
0.5,0.01,0.0003,20.0,default_m0_3,gaussian_radial,4,8240298510.739476,40.55138526229505,55.20266990741651,0.5217421558725744,0.05923499787853948,m0n0|m1n0|m2n0|m3n0,0|1|2|3|4,None
0.5,0.01,0.0003,20.0,d_optimal_4,gaussian_radial,4,18167274852.379337,55.84612705283496,43.2174136838965,0.3788981716050272,0.041449874907597335,m0n0|m1n0|m3n0|m4n0,0|1|2|3|4,None
0.5,0.01,0.0003,20.0,all_measurable,gaussian_radial,5,26230414764.03909,60.026983785577904,44.94791342252479,0.3525041821226983,0.03789328902640777,m0n0|m1n0|m2n0|m3n0|m4n0,0|1|2|3|4,None
0.5,0.01,0.0003,20.0,freq_only,pocket,3,259716.54433151137,3.695954557580519,37.307535606624874,5.722048864504779,1.1515749585842068,eta_m1|eta_m2|eta_m3,0|1|2|3|4,None
0.5,0.01,0.0003,20.0,freq_plus_splitting,pocket,6,1236328.9701604617,6.845847941530034,23.725344434746013,3.090403181969578,0.6716091234612365,eta_m1|eta_m2|eta_m3|dEta_m1|dEta_m2|dEta_m3,0|1|2|3|4,None
0.5,0.01,0.001,20.0,default_m0_3,gaussian_radial,4,66746417.936989546,12.165415578688513,55.20266990741652,1.7391405195752483,0.19744999292846493,m0n0|m1n0|m2n0|m3n0,0|1|2|3|4,None
0.5,0.01,0.001,20.0,d_optimal_4,gaussian_radial,4,147154926.30427268,16.753838115850492,43.217413683896474,1.2629939053500907,0.13816624969199112,m0n0|m1n0|m3n0|m4n0,0|1|2|3|4,None
0.5,0.01,0.001,20.0,all_measurable,gaussian_radial,5,212466359.58871594,18.008095135673372,44.94791342252479,1.1750139404089945,0.12631096342135925,m0n0|m1n0|m2n0|m3n0|m4n0,0|1|2|3|4,None
0.5,0.01,0.001,20.0,freq_only,pocket,3,2103.7040090852392,1.1087863672741558,37.30753560662487,19.073496215015936,3.8385831952806906,eta_m1|eta_m2|eta_m3,0|1|2|3|4,None
0.5,0.01,0.001,20.0,freq_plus_splitting,pocket,6,10014.264658299742,2.05375438245901,23.72534443474602,10.301343939898592,2.2386970782041216,eta_m1|eta_m2|eta_m3|dEta_m1|dEta_m2|dEta_m3,0|1|2|3|4,None
0.5,0.01,0.003,20.0,default_m0_3,gaussian_radial,4,824029.8510739454,4.055138526229505,55.20266990741651,5.2174215587257455,0.5923499787853949,m0n0|m1n0|m2n0|m3n0,0|1|2|3|4,None
0.5,0.01,0.003,20.0,d_optimal_4,gaussian_radial,4,1816727.485237932,5.584612705283496,43.21741368389649,3.788981716050272,0.4144987490759734,m0n0|m1n0|m3n0|m4n0,0|1|2|3|4,None
0.5,0.01,0.003,20.0,all_measurable,gaussian_radial,5,2623041.4764039065,6.00269837855779,44.9479134225248,3.5250418212269836,0.3789328902640778,m0n0|m1n0|m2n0|m3n0|m4n0,0|1|2|3|4,None
0.5,0.01,0.003,20.0,freq_only,pocket,3,25.971654433151112,0.36959545575805186,37.307535606624874,57.22048864504781,11.515749585842071,eta_m1|eta_m2|eta_m3,0|1|2|3|4,None
0.5,0.01,0.003,20.0,freq_plus_splitting,pocket,6,123.63289701604627,0.6845847941530033,23.725344434746017,30.904031819695778,6.7160912346123665,eta_m1|eta_m2|eta_m3|dEta_m1|dEta_m2|dEta_m3,0|1|2|3|4,None
0.5,0.05,0.0001,20.0,default_m0_3,gaussian_radial,4,16686604484247.375,606.4477710131556,11.107010381098279,0.03478281039150495,0.019744999292846493,m0n0|m1n0|m2n0|m3n0,0|1|2|3|4,None
0.5,0.05,0.0001,20.0,d_optimal_4,gaussian_radial,4,36788731576068.15,837.6875063421821,8.643573526417805,0.025259878107001813,0.013816624969199116,m0n0|m1n0|m3n0|m4n0,0|1|2|3|4,None
0.5,0.05,0.0001,20.0,all_measurable,gaussian_radial,5,53116589897179.14,900.1596091065189,8.994479761372762,0.023500278808179884,0.012631096342135923,m0n0|m1n0|m2n0|m3n0|m4n0,0|1|2|3|4,None
0.5,0.05,0.0001,20.0,freq_only,pocket,3,511280728.3086816,55.550630616807844,7.3274307830936865,0.375147904332825,0.39713713675047146,eta_m1|eta_m2|eta_m3,0|1|2|3|4,None
0.5,0.05,0.0001,20.0,freq_plus_splitting,pocket,6,2595660456.504261,105.56647652594448,4.571638564696678,0.1996131471818831,0.2243740944980877,eta_m1|eta_m2|eta_m3|dEta_m1|dEta_m2|dEta_m3,0|1|2|3|4,None
0.5,0.05,0.0003,20.0,default_m0_3,gaussian_radial,4,206007462768.48657,202.1492570043852,11.10701038109828,0.10434843117451487,0.05923499787853947,m0n0|m1n0|m2n0|m3n0,0|1|2|3|4,None
0.5,0.05,0.0003,20.0,d_optimal_4,gaussian_radial,4,454181871309.4827,279.2291687807273,8.643573526417809,0.07577963432100544,0.04144987490759734,m0n0|m1n0|m3n0|m4n0,0|1|2|3|4,None
0.5,0.05,0.0003,20.0,all_measurable,gaussian_radial,5,655760369100.9762,300.0532030355063,8.994479761372764,0.07050083642453966,0.037893289026407775,m0n0|m1n0|m2n0|m3n0|m4n0,0|1|2|3|4,None
0.5,0.05,0.0003,20.0,freq_only,pocket,3,6312107.756897307,18.51687687226929,7.327430783093682,1.1254437129984751,1.1914114102514144,eta_m1|eta_m2|eta_m3,0|1|2|3|4,None
0.5,0.05,0.0003,20.0,freq_plus_splitting,pocket,6,32045190.821040217,35.18882550864816,4.571638564696679,0.5988394415456494,0.6731222834942633,eta_m1|eta_m2|eta_m3|dEta_m1|dEta_m2|dEta_m3,0|1|2|3|4,None
0.5,0.05,0.001,20.0,default_m0_3,gaussian_radial,4,1668660448.424742,60.644777101315555,11.107010381098283,0.3478281039150496,0.1974499929284649,m0n0|m1n0|m2n0|m3n0,0|1|2|3|4,None
0.5,0.05,0.001,20.0,d_optimal_4,gaussian_radial,4,3678873157.6068115,83.76875063421822,8.643573526417804,0.2525987810700181,0.13816624969199112,m0n0|m1n0|m3n0|m4n0,0|1|2|3|4,None
0.5,0.05,0.001,20.0,all_measurable,gaussian_radial,5,5311658989.717909,90.0159609106519,8.99447976137276,0.23500278808179884,0.12631096342135925,m0n0|m1n0|m2n0|m3n0|m4n0,0|1|2|3|4,None
0.5,0.05,0.001,20.0,freq_only,pocket,3,51128.072830868296,5.5550630616807855,7.327430783093685,3.7514790433282488,3.9713713675047133,eta_m1|eta_m2|eta_m3,0|1|2|3|4,None
0.5,0.05,0.001,20.0,freq_plus_splitting,pocket,6,259566.0456504254,10.556647652594448,4.57163856469668,1.9961314718188314,2.2437409449808774,eta_m1|eta_m2|eta_m3|dEta_m1|dEta_m2|dEta_m3,0|1|2|3|4,None
0.5,0.05,0.003,20.0,default_m0_3,gaussian_radial,4,20600746.27684864,20.214925700438513,11.107010381098283,1.043484311745149,0.5923499787853949,m0n0|m1n0|m2n0|m3n0,0|1|2|3|4,None
0.5,0.05,0.003,20.0,d_optimal_4,gaussian_radial,4,45418187.130948395,27.922916878072737,8.643573526417804,0.7577963432100544,0.4144987490759734,m0n0|m1n0|m3n0|m4n0,0|1|2|3|4,None
0.5,0.05,0.003,20.0,all_measurable,gaussian_radial,5,65576036.91009756,30.00532030355063,8.994479761372762,0.7050083642453968,0.3789328902640777,m0n0|m1n0|m2n0|m3n0|m4n0,0|1|2|3|4,None
0.5,0.05,0.003,20.0,freq_only,pocket,3,631.2107756897301,1.851687687226928,7.327430783093686,11.254437129984753,11.914114102514144,eta_m1|eta_m2|eta_m3,0|1|2|3|4,None
0.5,0.05,0.003,20.0,freq_plus_splitting,pocket,6,3204.519082104019,3.518882550864816,4.571638564696679,5.9883944154564945,6.731222834942632,eta_m1|eta_m2|eta_m3|dEta_m1|dEta_m2|dEta_m3,0|1|2|3|4,None
0.8,0.01,0.0001,20.0,default_m0_3,gaussian_radial,4,66489672630.66004,45.423399224502695,124.97347183905609,0.46583619337292453,0.019310595812931996,m0n0|m1n0|m2n0|m3n0,0|1|2|3|4,None
0.8,0.01,0.0001,20.0,d_optimal_4,gaussian_radial,4,254402374233.83624,55.372507460692155,164.50238520275516,0.38213726709775264,0.012318999468889622,m1n0|m2n0|m3n0|m4n0,0|1|2|3|4,None
0.8,0.01,0.0001,20.0,all_measurable,gaussian_radial,5,346243491949.37103,64.12820236817626,143.08452875689008,0.32996285087828503,0.011667514874018828,m0n0|m1n0|m2n0|m3n0|m4n0,0|1|2|3|4,None
0.8,0.01,0.0001,20.0,freq_only,pocket,3,25277225.698694263,17.964495557524963,15.578823235944682,1.1766508352511886,0.4384656226489635,eta_m1|eta_m2|eta_m3,0|1|2|3|4,None
0.8,0.01,0.0001,20.0,freq_plus_splitting,pocket,6,130792548.78558068,19.215975349698358,30.97181351351845,1.100674808714712,0.22900088468640242,eta_m1|eta_m2|eta_m3|dEta_m1|dEta_m2|dEta_m3,0|1|2|3|4,None
0.8,0.01,0.0003,20.0,default_m0_3,gaussian_radial,4,820860155.9340736,15.141133074834231,124.9734718390561,1.3975085801187734,0.05793178743879599,m0n0|m1n0|m2n0|m3n0,0|1|2|3|4,None
0.8,0.01,0.0003,20.0,d_optimal_4,gaussian_radial,4,3140770052.2695904,18.457502486897386,164.50238520275514,1.1464118012932578,0.03695699840666886,m1n0|m2n0|m3n0|m4n0,0|1|2|3|4,None
0.8,0.01,0.0003,20.0,all_measurable,gaussian_radial,5,4274611011.72064,21.376067456058756,143.08452875689005,0.989888552634855,0.035002544622056486,m0n0|m1n0|m2n0|m3n0|m4n0,0|1|2|3|4,None
0.8,0.01,0.0003,20.0,freq_only,pocket,3,312064.5147986953,5.988165185841655,15.578823235944679,3.5299525057535646,1.31539686794689,eta_m1|eta_m2|eta_m3,0|1|2|3|4,None
0.8,0.01,0.0003,20.0,freq_plus_splitting,pocket,6,1614722.8245133397,6.40532511656612,30.971813513518455,3.3020244261441363,0.6870026540592072,eta_m1|eta_m2|eta_m3|dEta_m1|dEta_m2|dEta_m3,0|1|2|3|4,None
0.8,0.01,0.001,20.0,default_m0_3,gaussian_radial,4,6648967.263065998,4.54233992245027,124.97347183905605,4.658361933729244,0.19310595812931997,m0n0|m1n0|m2n0|m3n0,0|1|2|3|4,None
0.8,0.01,0.001,20.0,d_optimal_4,gaussian_radial,4,25440237.42338369,5.5372507460692155,164.50238520275514,3.8213726709775266,0.1231899946888962,m1n0|m2n0|m3n0|m4n0,0|1|2|3|4,None
0.8,0.01,0.001,20.0,all_measurable,gaussian_radial,5,34624349.19493707,6.412820236817626,143.08452875689005,3.2996285087828503,0.11667514874018829,m0n0|m1n0|m2n0|m3n0|m4n0,0|1|2|3|4,None
0.8,0.01,0.001,20.0,freq_only,pocket,3,2527.7225698694283,1.7964495557524964,15.578823235944682,11.766508352511885,4.384656226489634,eta_m1|eta_m2|eta_m3,0|1|2|3|4,None
0.8,0.01,0.001,20.0,freq_plus_splitting,pocket,6,13079.254878558057,1.9215975349698353,30.97181351351847,11.006748087147123,2.2900088468640245,eta_m1|eta_m2|eta_m3|dEta_m1|dEta_m2|dEta_m3,0|1|2|3|4,None
0.8,0.01,0.003,20.0,default_m0_3,gaussian_radial,4,82086.01559340757,1.5141133074834232,124.97347183905607,13.975085801187735,0.5793178743879599,m0n0|m1n0|m2n0|m3n0,0|1|2|3|4,None
0.8,0.01,0.003,20.0,d_optimal_4,gaussian_radial,4,314077.0052269588,1.8457502486897381,164.50238520275516,11.46411801293258,0.36956998406668873,m1n0|m2n0|m3n0|m4n0,0|1|2|3|4,None
0.8,0.01,0.003,20.0,all_measurable,gaussian_radial,5,427461.10117206286,2.137606745605875,143.08452875689005,9.898885526348549,0.35002544622056486,m0n0|m1n0|m2n0|m3n0|m4n0,0|1|2|3|4,None
0.8,0.01,0.003,20.0,freq_only,pocket,3,31.206451479869475,0.5988165185841654,15.578823235944682,35.299525057535654,13.1539686794689,eta_m1|eta_m2|eta_m3,0|1|2|3|4,None
0.8,0.01,0.003,20.0,freq_plus_splitting,pocket,6,161.4722824513341,0.6405325116566117,30.971813513518473,33.02024426144136,6.8700265405920735,eta_m1|eta_m2|eta_m3|dEta_m1|dEta_m2|dEta_m3,0|1|2|3|4,None
0.8,0.05,0.0001,20.0,default_m0_3,gaussian_radial,4,1662241815766.5044,227.0817560129931,25.002452667094634,0.09316723867458489,0.019310595812931996,m0n0|m1n0|m2n0|m3n0,0|1|2|3|4,None
0.8,0.05,0.0001,20.0,d_optimal_4,gaussian_radial,4,6360059355845.919,276.8306946921281,32.90804626878823,0.07642745341955053,0.012318999468889619,m1n0|m2n0|m3n0|m4n0,0|1|2|3|4,None
0.8,0.05,0.0001,20.0,all_measurable,gaussian_radial,5,8656087298734.294,320.61351525948186,28.621814470335522,0.065992570175657,0.011667514874018828,m0n0|m1n0|m2n0|m3n0|m4n0,0|1|2|3|4,None
0.8,0.05,0.0001,20.0,freq_only,pocket,3,651563513.0763763,79.39270618129531,4.049646988320462,0.25724072730829217,0.4531274064978626,eta_m1|eta_m2|eta_m3,0|1|2|3|4,None
0.8,0.05,0.0001,20.0,freq_plus_splitting,pocket,6,3689449605.0122504,92.10486745992135,7.160042949479637,0.22694110966126071,0.22698391461976425,eta_m1|eta_m2|eta_m3|dEta_m1|dEta_m2|dEta_m3,0|1|2|3|4,None
0.8,0.05,0.0003,20.0,default_m0_3,gaussian_radial,4,20521503898.35188,75.6939186709977,25.002452667094634,0.2795017160237546,0.05793178743879599,m0n0|m1n0|m2n0|m3n0,0|1|2|3|4,None
0.8,0.05,0.0003,20.0,d_optimal_4,gaussian_radial,4,78519251306.73991,92.27689823070939,32.90804626878821,0.22928236025865156,0.03695699840666886,m1n0|m2n0|m3n0|m4n0,0|1|2|3|4,None
0.8,0.05,0.0003,20.0,all_measurable,gaussian_radial,5,106865275293.01584,106.87117175316064,28.62181447033551,0.197977710526971,0.035002544622056486,m0n0|m1n0|m2n0|m3n0|m4n0,0|1|2|3|4,None
0.8,0.05,0.0003,20.0,freq_only,pocket,3,8043993.988597228,26.464235393765108,4.04964698832046,0.7717221819248766,1.359382219493588,eta_m1|eta_m2|eta_m3,0|1|2|3|4,None
0.8,0.05,0.0003,20.0,freq_plus_splitting,pocket,6,45548760.555706576,30.701622486640453,7.160042949479638,0.6808233289837825,0.6809517438592929,eta_m1|eta_m2|eta_m3|dEta_m1|dEta_m2|dEta_m3,0|1|2|3|4,None
0.8,0.05,0.001,20.0,default_m0_3,gaussian_radial,4,166224181.5766497,22.70817560129931,25.002452667094627,0.931672386745849,0.19310595812931997,m0n0|m1n0|m2n0|m3n0,0|1|2|3|4,None
0.8,0.05,0.001,20.0,d_optimal_4,gaussian_radial,4,636005935.5845937,27.683069469212818,32.90804626878822,0.7642745341955051,0.1231899946888962,m1n0|m2n0|m3n0|m4n0,0|1|2|3|4,None
0.8,0.05,0.001,20.0,all_measurable,gaussian_radial,5,865608729.8734287,32.06135152594819,28.62181447033551,0.65992570175657,0.11667514874018829,m0n0|m1n0|m2n0|m3n0|m4n0,0|1|2|3|4,None
0.8,0.05,0.001,20.0,freq_only,pocket,3,65156.351307637575,7.93927061812953,4.049646988320462,2.5724072730829217,4.531274064978626,eta_m1|eta_m2|eta_m3,0|1|2|3|4,None
0.8,0.05,0.001,20.0,freq_plus_splitting,pocket,6,368944.96050122404,9.210486745992137,7.160042949479636,2.2694110966126084,2.269839146197643,eta_m1|eta_m2|eta_m3|dEta_m1|dEta_m2|dEta_m3,0|1|2|3|4,None
0.8,0.05,0.003,20.0,default_m0_3,gaussian_radial,4,2052150.3898351863,7.569391867099769,25.002452667094634,2.795017160237547,0.57931787438796,m0n0|m1n0|m2n0|m3n0,0|1|2|3|4,None
0.8,0.05,0.003,20.0,d_optimal_4,gaussian_radial,4,7851925.130673985,9.227689823070941,32.908046268788205,2.2928236025865156,0.3695699840666887,m1n0|m2n0|m3n0|m4n0,0|1|2|3|4,None
0.8,0.05,0.003,20.0,all_measurable,gaussian_radial,5,10686527.529301574,10.687117175316063,28.621814470335515,1.97977710526971,0.35002544622056486,m0n0|m1n0|m2n0|m3n0|m4n0,0|1|2|3|4,None
0.8,0.05,0.003,20.0,freq_only,pocket,3,804.399398859722,2.646423539376511,4.049646988320459,7.717221819248768,13.593822194935882,eta_m1|eta_m2|eta_m3,0|1|2|3|4,None
0.8,0.05,0.003,20.0,freq_plus_splitting,pocket,6,4554.876055570669,3.070162248664046,7.160042949479633,6.808233289837825,6.80951743859293,eta_m1|eta_m2|eta_m3|dEta_m1|dEta_m2|dEta_m3,0|1|2|3|4,None
0.95,0.01,0.0001,20.0,default_m0_3,gaussian_radial,4,2875827007.5980425,12.90582340123276,321.9659486469247,1.637608442382535,0.3796659598126983,m0n0|m1n0|m2n0|m3n0,0|1|2|3|4,None
0.95,0.01,0.0001,20.0,d_optimal_4,gaussian_radial,4,14133378986.139772,16.655114785419787,428.5758962775864,1.2691270888466104,0.2774283507180474,m1n0|m2n0|m3n0|m4n0,0|1|2|3|4,None
0.95,0.01,0.0001,20.0,all_measurable,gaussian_radial,5,17961398565.884525,18.701847002168112,383.17844927265224,1.1302283093951269,0.24769344538874885,m0n0|m1n0|m2n0|m3n0|m4n0,0|1|2|3|4,None
0.95,0.01,0.0001,20.0,freq_only,pocket,3,2123086.603457158,4.632755722438828,67.88988181331561,4.565655674387848,0.6872961586537736,eta_m1|eta_m2|eta_m3,0|1|2|3|4,None
0.95,0.01,0.0001,20.0,freq_plus_splitting,pocket,6,9734539.949421387,5.584589415446413,100.04035360939378,3.7865595797328915,0.6668278639992093,eta_m1|eta_m2|eta_m3|dEta_m1|dEta_m2|dEta_m3,0|1|2|3|4,None
0.95,0.01,0.0003,20.0,default_m0_3,gaussian_radial,4,35504037.130841374,4.301941133744242,321.96594864692554,4.912825327147518,1.1389978794380746,m0n0|m1n0|m2n0|m3n0,0|1|2|3|4,None
0.95,0.01,0.0003,20.0,d_optimal_4,gaussian_radial,4,174486160.32271242,5.551704928473252,428.5758962775873,3.8073812665398377,0.8322850521541435,m1n0|m2n0|m3n0|m4n0,0|1|2|3|4,None
0.95,0.01,0.0003,20.0,all_measurable,gaussian_radial,5,221745661.30721924,6.233949000722713,383.1784492726517,3.390684928185364,0.7430803361662428,m0n0|m1n0|m2n0|m3n0|m4n0,0|1|2|3|4,None
0.95,0.01,0.0003,20.0,freq_only,pocket,3,26210.945721693275,1.5442519074796095,67.88988181331561,13.696967023163557,2.0618884759613225,eta_m1|eta_m2|eta_m3,0|1|2|3|4,None
0.95,0.01,0.0003,20.0,freq_plus_splitting,pocket,6,120179.50554841183,1.8615298051488045,100.04035360939376,11.359678739198694,2.0004835919976314,eta_m1|eta_m2|eta_m3|dEta_m1|dEta_m2|dEta_m3,0|1|2|3|4,None
0.95,0.01,0.001,20.0,default_m0_3,gaussian_radial,4,287582.7007597887,1.2905823401232706,321.96594864692605,16.376084423825816,3.796659598127092,m0n0|m1n0|m2n0|m3n0,0|1|2|3|4,None
0.95,0.01,0.001,20.0,d_optimal_4,gaussian_radial,4,1413337.8986139987,1.6655114785419782,428.5758962775865,12.691270888465993,2.7742835071804492,m1n0|m2n0|m3n0|m4n0,0|1|2|3|4,None
0.95,0.01,0.001,20.0,all_measurable,gaussian_radial,5,1796139.8565885467,1.8701847002168135,383.1784492726517,11.30228309395098,2.476934453887425,m0n0|m1n0|m2n0|m3n0|m4n0,0|1|2|3|4,None
0.95,0.01,0.001,20.0,freq_only,pocket,3,212.3086603457156,0.46327557224388277,67.88988181331563,45.656556743878525,6.872961586537742,eta_m1|eta_m2|eta_m3,0|1|2|3|4,None
0.95,0.01,0.001,20.0,freq_plus_splitting,pocket,6,973.4539949421397,0.5584589415446414,100.04035360939378,37.8655957973289,6.668278639992091,eta_m1|eta_m2|eta_m3|dEta_m1|dEta_m2|dEta_m3,0|1|2|3|4,None
0.95,0.01,0.003,20.0,default_m0_3,gaussian_radial,4,3550.4037130838756,0.43019411337442454,321.96594864692526,49.128253271476964,11.389978794381161,m0n0|m1n0|m2n0|m3n0,0|1|2|3|4,None
0.95,0.01,0.003,20.0,d_optimal_4,gaussian_radial,4,17448.616032272217,0.5551704928473263,428.57589627758625,38.073812665397284,8.322850521541197,m1n0|m2n0|m3n0|m4n0,0|1|2|3|4,None
0.95,0.01,0.003,20.0,all_measurable,gaussian_radial,5,22174.566130720643,0.623394900072269,383.17844927265315,33.90684928185458,7.430803361662637,m0n0|m1n0|m2n0|m3n0|m4n0,0|1|2|3|4,None
0.95,0.01,0.003,20.0,freq_only,pocket,3,2.6210945721693295,0.15442519074796093,67.88988181331561,136.96967023163552,20.618884759613223,eta_m1|eta_m2|eta_m3,0|1|2|3|4,None
0.95,0.01,0.003,20.0,freq_plus_splitting,pocket,6,12.017950554841194,0.1861529805148805,100.04035360939375,113.59678739198688,20.004835919976305,eta_m1|eta_m2|eta_m3|dEta_m1|dEta_m2|dEta_m3,0|1|2|3|4,None
0.95,0.05,0.0001,20.0,default_m0_3,gaussian_radial,4,71895675189.94687,62.753131026565754,68.08956885912689,0.3275216884765172,0.37966595981271006,m0n0|m1n0|m2n0|m3n0,0|1|2|3|4,None
0.95,0.05,0.0001,20.0,d_optimal_4,gaussian_radial,4,353334474653.49884,81.22549060919812,90.09658300662232,0.2538254177693201,0.2774283507180452,m1n0|m2n0|m3n0|m4n0,0|1|2|3|4,None
0.95,0.05,0.0001,20.0,all_measurable,gaussian_radial,5,449034964147.1141,91.19727400657328,80.57055689416352,0.2260456618790251,0.24769344538874855,m0n0|m1n0|m2n0|m3n0|m4n0,0|1|2|3|4,None
0.95,0.05,0.0001,20.0,freq_only,pocket,3,81182830.7627075,24.691290290121035,14.778982147255812,0.8501053645831687,0.5807676731658586,eta_m1|eta_m2|eta_m3,0|1|2|3|4,None
0.95,0.05,0.0001,20.0,freq_plus_splitting,pocket,6,375302474.1299519,30.616873861107305,20.6665995244764,0.6816956334586187,0.5603575450492763,eta_m1|eta_m2|eta_m3|dEta_m1|dEta_m2|dEta_m3,0|1|2|3|4,None
0.95,0.05,0.0003,20.0,default_m0_3,gaussian_radial,4,887600928.2709888,20.917710342188627,68.08956885912673,0.9825650654295294,1.1389978794381046,m0n0|m1n0|m2n0|m3n0,0|1|2|3|4,None
0.95,0.05,0.0003,20.0,d_optimal_4,gaussian_radial,4,4362154008.067835,27.075163536399433,90.09658300662211,0.7614762533079655,0.8322850521541412,m1n0|m2n0|m3n0|m4n0,0|1|2|3|4,None
0.95,0.05,0.0003,20.0,all_measurable,gaussian_radial,5,5543641532.680472,30.39909133552446,80.57055689416343,0.6781369856370727,0.7430803361662428,m0n0|m1n0|m2n0|m3n0|m4n0,0|1|2|3|4,None
0.95,0.05,0.0003,20.0,freq_only,pocket,3,1002257.1699099696,8.230430096707014,14.778982147255807,2.550316093749507,1.7423030194975764,eta_m1|eta_m2|eta_m3,0|1|2|3|4,None
0.95,0.05,0.0003,20.0,freq_plus_splitting,pocket,6,4633363.87814759,10.205624620369104,20.666599524476396,2.045086900375852,1.6810726351478258,eta_m1|eta_m2|eta_m3|dEta_m1|dEta_m2|dEta_m3,0|1|2|3|4,None
0.95,0.05,0.001,20.0,default_m0_3,gaussian_radial,4,7189567.5189948585,6.275313102656581,68.08956885912681,3.275216884765129,3.7966595981270523,m0n0|m1n0|m2n0|m3n0,0|1|2|3|4,None
0.95,0.05,0.001,20.0,d_optimal_4,gaussian_radial,4,35333447.46534872,8.1225490609198,90.09658300662245,2.5382541776932444,2.7742835071804994,m1n0|m2n0|m3n0|m4n0,0|1|2|3|4,None
0.95,0.05,0.001,20.0,all_measurable,gaussian_radial,5,44903496.41471185,9.119727400657322,80.57055689416356,2.260456618790239,2.4769344538874725,m0n0|m1n0|m2n0|m3n0|m4n0,0|1|2|3|4,None
0.95,0.05,0.001,20.0,freq_only,pocket,3,8118.283076270757,2.469129029012105,14.7789821472558,8.501053645831684,5.807676731658585,eta_m1|eta_m2|eta_m3,0|1|2|3|4,None
0.95,0.05,0.001,20.0,freq_plus_splitting,pocket,6,37530.24741299529,3.0616873861107314,20.666599524476393,6.816956334586186,5.6035754504927615,eta_m1|eta_m2|eta_m3|dEta_m1|dEta_m2|dEta_m3,0|1|2|3|4,None
0.95,0.05,0.003,20.0,default_m0_3,gaussian_radial,4,88760.09282709722,2.0917710342188607,68.0895688591268,9.825650654295368,11.389978794381133,m0n0|m1n0|m2n0|m3n0,0|1|2|3|4,None
0.95,0.05,0.003,20.0,d_optimal_4,gaussian_radial,4,436215.4008068001,2.7075163536399365,90.09658300662235,7.6147625330795075,8.322850521541254,m1n0|m2n0|m3n0|m4n0,0|1|2|3|4,None
0.95,0.05,0.003,20.0,all_measurable,gaussian_radial,5,554364.1532680271,3.0399091335524444,80.57055689416346,6.781369856370844,7.430803361662557,m0n0|m1n0|m2n0|m3n0|m4n0,0|1|2|3|4,None
0.95,0.05,0.003,20.0,freq_only,pocket,3,100.22571699099696,0.8230430096707015,14.778982147255801,25.50316093749506,17.423030194975762,eta_m1|eta_m2|eta_m3,0|1|2|3|4,None
0.95,0.05,0.003,20.0,freq_plus_splitting,pocket,6,463.3363878147561,1.0205624620369105,20.666599524476393,20.45086900375857,16.810726351478294,eta_m1|eta_m2|eta_m3|dEta_m1|dEta_m2|dEta_m3,0|1|2|3|4,None
0.2,0.01,0.0001,25.6,default_m0_3,gaussian_radial,4,1387882753413.916,81.91874833281919,175.5536136879688,0.25822490679346594,0.031131766376072165,m0n0|m1n0|m2n0|m3n0,0|1|2|3|4,None
0.2,0.01,0.0001,25.6,d_optimal_4,gaussian_radial,4,2425881783694.927,125.2347915036769,99.30813421338247,0.16891494238676644,0.020604064484853944,m0n0|m1n0|m3n0|m4n0,0|1|2|3|4,None
0.2,0.01,0.0001,25.6,all_measurable,gaussian_radial,8,3763876133706.733,126.5313088786027,121.17740845275725,0.16718538972306868,0.01963961856627787,m0n0|m1n0|m2n0|m3n0|m4n0|m0n1|m1n1|m2n1,0|1|2|3|4,None
0.2,0.01,0.0001,25.6,freq_only,pocket,3,56430589.657186225,6.918301785707734,156.94890460112617,3.0564773191787395,0.5404718305042073,eta_m1|eta_m2|eta_m3,0|1|2|3|4,None
0.2,0.01,0.0001,25.6,freq_plus_splitting,pocket,6,1291362497.230066,27.893200545760948,46.18781166428707,0.7578408272851194,0.1788902682985531,eta_m1|eta_m2|eta_m3|dEta_m1|dEta_m2|dEta_m3,0|1|2|3|4,None
0.2,0.01,0.0003,25.6,default_m0_3,gaussian_radial,4,17134354980.418634,27.30624944427305,175.55361368796898,0.7746747203803995,0.09339529912821672,m0n0|m1n0|m2n0|m3n0,0|1|2|3|4,None
0.2,0.01,0.0003,25.6,d_optimal_4,gaussian_radial,4,29949157823.394226,41.74493050122564,99.30813421338247,0.5067448271602991,0.06181219345456182,m0n0|m1n0|m3n0|m4n0,0|1|2|3|4,None
0.2,0.01,0.0003,25.6,all_measurable,gaussian_radial,8,46467606588.97179,42.17710295953423,121.17740845275728,0.5015561691692072,0.058918855698833754,m0n0|m1n0|m2n0|m3n0|m4n0|m0n1|m1n1|m2n1,0|1|2|3|4,None
0.2,0.01,0.0003,25.6,freq_only,pocket,3,696673.9463850129,2.306100595235912,156.94890460112615,9.169431957536233,1.6214154915126244,eta_m1|eta_m2|eta_m3,0|1|2|3|4,None
0.2,0.01,0.0003,25.6,freq_plus_splitting,pocket,6,15942746.879383512,9.297733515253652,46.18781166428703,2.2735224818553577,0.536670804895659,eta_m1|eta_m2|eta_m3|dEta_m1|dEta_m2|dEta_m3,0|1|2|3|4,None
0.2,0.01,0.001,25.6,default_m0_3,gaussian_radial,4,138788275.34139198,8.191874833281927,175.55361368796864,2.582249067934658,0.3113176637607215,m0n0|m1n0|m2n0|m3n0,0|1|2|3|4,None
0.2,0.01,0.001,25.6,d_optimal_4,gaussian_radial,4,242588178.3694933,12.523479150367693,99.30813421338246,1.6891494238676628,0.20604064484853932,m0n0|m1n0|m3n0|m4n0,0|1|2|3|4,None
0.2,0.01,0.001,25.6,all_measurable,gaussian_radial,8,376387613.3706743,12.653130887860272,121.17740845275723,1.6718538972306851,0.19639618566277853,m0n0|m1n0|m2n0|m3n0|m4n0|m0n1|m1n1|m2n1,0|1|2|3|4,None
0.2,0.01,0.001,25.6,freq_only,pocket,3,5643.058965718597,0.6918301785707738,156.9489046011261,30.564773191787467,5.404718305042086,eta_m1|eta_m2|eta_m3,0|1|2|3|4,None
0.2,0.01,0.001,25.6,freq_plus_splitting,pocket,6,129136.24972300604,2.7893200545760943,46.18781166428708,7.578408272851202,1.7889026829855326,eta_m1|eta_m2|eta_m3|dEta_m1|dEta_m2|dEta_m3,0|1|2|3|4,None
0.2,0.01,0.003,25.6,default_m0_3,gaussian_radial,4,1713435.4980418803,2.730624944427306,175.5536136879689,7.746747203803969,0.9339529912821639,m0n0|m1n0|m2n0|m3n0,0|1|2|3|4,None
0.2,0.01,0.003,25.6,d_optimal_4,gaussian_radial,4,2994915.7823394146,4.174493050122563,99.3081342133825,5.067448271602996,0.6181219345456188,m0n0|m1n0|m3n0|m4n0,0|1|2|3|4,None
0.2,0.01,0.003,25.6,all_measurable,gaussian_radial,8,4646760.658897191,4.217710295953424,121.17740845275725,5.0155616916920644,0.5891885569883366,m0n0|m1n0|m2n0|m3n0|m4n0|m0n1|m1n1|m2n1,0|1|2|3|4,None
0.2,0.01,0.003,25.6,freq_only,pocket,3,69.66739463850168,0.23061005952359123,156.94890460112606,91.69431957536213,16.214154915126212,eta_m1|eta_m2|eta_m3,0|1|2|3|4,None
0.2,0.01,0.003,25.6,freq_plus_splitting,pocket,6,1594.2746879383499,0.9297733515253651,46.187811664287025,22.735224818553593,5.366708048956595,eta_m1|eta_m2|eta_m3|dEta_m1|dEta_m2|dEta_m3,0|1|2|3|4,None
0.2,0.05,0.0001,25.6,default_m0_3,gaussian_radial,4,34697068835347.848,406.5874693533409,35.63185348638083,0.05164498135869329,0.03113176637607223,m0n0|m1n0|m2n0|m3n0,0|1|2|3|4,None
0.2,0.05,0.0001,25.6,d_optimal_4,gaussian_radial,4,60647044592373.07,621.9650411409398,20.13134868578706,0.03378298847735329,0.02060406448485395,m0n0|m1n0|m3n0|m4n0,0|1|2|3|4,None
0.2,0.05,0.0001,25.6,all_measurable,gaussian_radial,8,94096903342668.17,628.5192268274271,24.55559888102183,0.033437077944613744,0.019639618566277876,m0n0|m1n0|m2n0|m3n0|m4n0|m0n1|m1n1|m2n1,0|1|2|3|4,None
0.2,0.05,0.0001,25.6,freq_only,pocket,3,1400896018.5885372,33.94283546584656,32.48678338217005,0.613022530499372,0.542974723471548,eta_m1|eta_m2|eta_m3,0|1|2|3|4,None
0.2,0.05,0.0001,25.6,freq_plus_splitting,pocket,6,32295684713.170353,136.27706049975433,9.676687894000418,0.1514326165958703,0.1790238033413353,eta_m1|eta_m2|eta_m3|dEta_m1|dEta_m2|dEta_m3,0|1|2|3|4,None
0.2,0.05,0.0003,25.6,default_m0_3,gaussian_radial,4,428358874510.4652,135.52915645111366,35.63185348638081,0.15493494407608002,0.0933952991282168,m0n0|m1n0|m2n0|m3n0,0|1|2|3|4,None
0.2,0.05,0.0003,25.6,d_optimal_4,gaussian_radial,4,748728945584.8545,207.32168038031318,20.131348685787074,0.10134896543205985,0.061812193454561834,m0n0|m1n0|m3n0|m4n0,0|1|2|3|4,None
0.2,0.05,0.0003,25.6,all_measurable,gaussian_radial,8,1161690164724.3013,209.50640894247564,24.555598881021844,0.10031123383384119,0.0589188556988336,m0n0|m1n0|m2n0|m3n0|m4n0|m0n1|m1n1|m2n1,0|1|2|3|4,None
0.2,0.05,0.0003,25.6,freq_only,pocket,3,17295012.57516704,11.31427848861552,32.48678338217006,1.83906759149812,1.6289241704146478,eta_m1|eta_m2|eta_m3,0|1|2|3|4,None
0.2,0.05,0.0003,25.6,freq_plus_splitting,pocket,6,398712156.95272136,45.42568683325146,9.676687894000413,0.4542978497876106,0.5370714100240056,eta_m1|eta_m2|eta_m3|dEta_m1|dEta_m2|dEta_m3,0|1|2|3|4,None
0.2,0.05,0.001,25.6,default_m0_3,gaussian_radial,4,3469706883.5347695,40.658746935334115,35.6318534863808,0.5164498135869336,0.3113176637607226,m0n0|m1n0|m2n0|m3n0,0|1|2|3|4,None
0.2,0.05,0.001,25.6,d_optimal_4,gaussian_radial,4,6064704459.237324,62.19650411409396,20.131348685787067,0.3378298847735329,0.20604064484853946,m0n0|m1n0|m3n0|m4n0,0|1|2|3|4,None
0.2,0.05,0.001,25.6,all_measurable,gaussian_radial,8,9409690334.266777,62.851922682742696,24.555598881021837,0.3343707794461378,0.19639618566277892,m0n0|m1n0|m2n0|m3n0|m4n0|m0n1|m1n1|m2n1,0|1|2|3|4,None
0.2,0.05,0.001,25.6,freq_only,pocket,3,140089.60185885557,3.394283546584654,32.486783382170074,6.13022530499368,5.429747234715444,eta_m1|eta_m2|eta_m3,0|1|2|3|4,None
0.2,0.05,0.001,25.6,freq_plus_splitting,pocket,6,3229568.471317044,13.627706049975433,9.676687894000414,1.5143261659587017,1.7902380334133519,eta_m1|eta_m2|eta_m3|dEta_m1|dEta_m2|dEta_m3,0|1|2|3|4,None
0.2,0.05,0.003,25.6,default_m0_3,gaussian_radial,4,42835887.45104664,13.552915645111367,35.63185348638082,1.5493494407608004,0.9339529912821678,m0n0|m1n0|m2n0|m3n0,0|1|2|3|4,None
0.2,0.05,0.003,25.6,d_optimal_4,gaussian_radial,4,74872894.55848512,20.73216803803132,20.131348685787067,1.0134896543205993,0.6181219345456189,m0n0|m1n0|m3n0|m4n0,0|1|2|3|4,None
0.2,0.05,0.003,25.6,all_measurable,gaussian_radial,8,116169016.4724296,20.950640894247563,24.555598881021837,1.0031123383384135,0.5891885569883369,m0n0|m1n0|m2n0|m3n0|m4n0|m0n1|m1n1|m2n1,0|1|2|3|4,None
0.2,0.05,0.003,25.6,freq_only,pocket,3,1729.5012575167334,1.1314278488615526,32.486783382170024,18.39067591498105,16.28924170414634,eta_m1|eta_m2|eta_m3,0|1|2|3|4,None
0.2,0.05,0.003,25.6,freq_plus_splitting,pocket,6,39871.2156952721,4.542568683325145,9.676687894000413,4.5429784978761045,5.370714100240056,eta_m1|eta_m2|eta_m3|dEta_m1|dEta_m2|dEta_m3,0|1|2|3|4,None
0.5,0.01,0.0001,25.6,default_m0_3,gaussian_radial,4,667464179369.896,121.65415578688514,55.20266990741651,0.17391405195752482,0.019744999292846493,m0n0|m1n0|m2n0|m3n0,0|1|2|3|4,None
0.5,0.01,0.0001,25.6,d_optimal_4,gaussian_radial,4,3994331085051.713,167.42818621007746,71.29595409321728,0.12638109667397598,0.008851369777876327,m0n0|m1n0|m0n1|m2n1,0|1|2|3|4,None
0.5,0.01,0.0001,25.6,all_measurable,gaussian_radial,8,9507289219102.275,204.81766171258647,73.5010503590059,0.10330997269256063,0.007122147407936399,m0n0|m1n0|m2n0|m3n0|m4n0|m0n1|m1n1|m2n1,0|1|2|3|4,None
0.5,0.01,0.0001,25.6,freq_only,pocket,3,21037040.090852372,11.087863672741555,37.307535606624874,1.9073496215015935,0.383858319528069,eta_m1|eta_m2|eta_m3,0|1|2|3|4,None
0.5,0.01,0.0001,25.6,freq_plus_splitting,pocket,6,100142646.58299752,20.5375438245901,23.72534443474602,1.030134393989859,0.22386970782041216,eta_m1|eta_m2|eta_m3|dEta_m1|dEta_m2|dEta_m3,0|1|2|3|4,None
0.5,0.01,0.0003,25.6,default_m0_3,gaussian_radial,4,8240298510.739476,40.55138526229505,55.20266990741651,0.5217421558725744,0.05923499787853948,m0n0|m1n0|m2n0|m3n0,0|1|2|3|4,None
0.5,0.01,0.0003,25.6,d_optimal_4,gaussian_radial,4,49312729445.08282,55.80939540335915,71.2959540932173,0.379143290021928,0.026554109333628974,m0n0|m1n0|m0n1|m2n1,0|1|2|3|4,None
0.5,0.01,0.0003,25.6,all_measurable,gaussian_radial,8,117373940976.57117,68.27255390419553,73.50105035900584,0.3099299180776819,0.021366442223809196,m0n0|m1n0|m2n0|m3n0|m4n0|m0n1|m1n1|m2n1,0|1|2|3|4,None
0.5,0.01,0.0003,25.6,freq_only,pocket,3,259716.54433151137,3.695954557580519,37.307535606624874,5.722048864504779,1.1515749585842068,eta_m1|eta_m2|eta_m3,0|1|2|3|4,None
0.5,0.01,0.0003,25.6,freq_plus_splitting,pocket,6,1236328.9701604617,6.845847941530034,23.725344434746013,3.090403181969578,0.6716091234612365,eta_m1|eta_m2|eta_m3|dEta_m1|dEta_m2|dEta_m3,0|1|2|3|4,None
0.5,0.01,0.001,25.6,default_m0_3,gaussian_radial,4,66746417.936989546,12.165415578688513,55.20266990741652,1.7391405195752483,0.19744999292846493,m0n0|m1n0|m2n0|m3n0,0|1|2|3|4,None
0.5,0.01,0.001,25.6,d_optimal_4,gaussian_radial,4,399433108.50517094,16.742818621007746,71.29595409321726,1.26381096673976,0.08851369777876326,m0n0|m1n0|m0n1|m2n1,0|1|2|3|4,None
0.5,0.01,0.001,25.6,all_measurable,gaussian_radial,8,950728921.9102267,20.481766171258652,73.50105035900587,1.0330997269256061,0.07122147407936398,m0n0|m1n0|m2n0|m3n0|m4n0|m0n1|m1n1|m2n1,0|1|2|3|4,None
0.5,0.01,0.001,25.6,freq_only,pocket,3,2103.7040090852392,1.1087863672741558,37.30753560662487,19.073496215015936,3.8385831952806906,eta_m1|eta_m2|eta_m3,0|1|2|3|4,None
0.5,0.01,0.001,25.6,freq_plus_splitting,pocket,6,10014.264658299742,2.05375438245901,23.72534443474602,10.301343939898592,2.2386970782041216,eta_m1|eta_m2|eta_m3|dEta_m1|dEta_m2|dEta_m3,0|1|2|3|4,None
0.5,0.01,0.003,25.6,default_m0_3,gaussian_radial,4,824029.8510739454,4.055138526229505,55.20266990741651,5.2174215587257455,0.5923499787853949,m0n0|m1n0|m2n0|m3n0,0|1|2|3|4,None
0.5,0.01,0.003,25.6,d_optimal_4,gaussian_radial,4,4931272.944508295,5.580939540335918,71.29595409321722,3.79143290021928,0.26554109333628984,m0n0|m1n0|m0n1|m2n1,0|1|2|3|4,None
0.5,0.01,0.003,25.6,all_measurable,gaussian_radial,8,11737394.097657148,6.82725539041955,73.50105035900589,3.099299180776818,0.21366442223809193,m0n0|m1n0|m2n0|m3n0|m4n0|m0n1|m1n1|m2n1,0|1|2|3|4,None
0.5,0.01,0.003,25.6,freq_only,pocket,3,25.971654433151112,0.36959545575805186,37.307535606624874,57.22048864504781,11.515749585842071,eta_m1|eta_m2|eta_m3,0|1|2|3|4,None
0.5,0.01,0.003,25.6,freq_plus_splitting,pocket,6,123.63289701604627,0.6845847941530033,23.725344434746017,30.904031819695778,6.7160912346123665,eta_m1|eta_m2|eta_m3|dEta_m1|dEta_m2|dEta_m3,0|1|2|3|4,None
0.5,0.05,0.0001,25.6,default_m0_3,gaussian_radial,4,16686604484247.375,606.4477710131556,11.107010381098279,0.03478281039150495,0.019744999292846493,m0n0|m1n0|m2n0|m3n0,0|1|2|3|4,None
0.5,0.05,0.0001,25.6,d_optimal_4,gaussian_radial,4,99858277126292.67,836.909911510213,14.267064082701104,0.025276219334795198,0.008851369777876327,m0n0|m1n0|m0n1|m2n1,0|1|2|3|4,None
0.5,0.05,0.0001,25.6,all_measurable,gaussian_radial,8,237682230477557.38,1023.7466154671724,14.710024606885714,0.020661994538512123,0.007122147407936399,m0n0|m1n0|m2n0|m3n0|m4n0|m0n1|m1n1|m2n1,0|1|2|3|4,None
0.5,0.05,0.0001,25.6,freq_only,pocket,3,511280728.3086816,55.550630616807844,7.3274307830936865,0.375147904332825,0.39713713675047146,eta_m1|eta_m2|eta_m3,0|1|2|3|4,None
0.5,0.05,0.0001,25.6,freq_plus_splitting,pocket,6,2595660456.504261,105.56647652594448,4.571638564696678,0.1996131471818831,0.2243740944980877,eta_m1|eta_m2|eta_m3|dEta_m1|dEta_m2|dEta_m3,0|1|2|3|4,None
0.5,0.05,0.0003,25.6,default_m0_3,gaussian_radial,4,206007462768.48657,202.1492570043852,11.10701038109828,0.10434843117451487,0.05923499787853947,m0n0|m1n0|m2n0|m3n0,0|1|2|3|4,None
0.5,0.05,0.0003,25.6,d_optimal_4,gaussian_radial,4,1232818236127.073,278.96997050340434,14.267064082701102,0.0758286580043856,0.02655410933362898,m0n0|m1n0|m0n1|m2n1,0|1|2|3|4,None
0.5,0.05,0.0003,25.6,all_measurable,gaussian_radial,8,2934348524414.285,341.2488718223907,14.710024606885721,0.06198598361553636,0.021366442223809196,m0n0|m1n0|m2n0|m3n0|m4n0|m0n1|m1n1|m2n1,0|1|2|3|4,None
0.5,0.05,0.0003,25.6,freq_only,pocket,3,6312107.756897307,18.51687687226929,7.327430783093682,1.1254437129984751,1.1914114102514144,eta_m1|eta_m2|eta_m3,0|1|2|3|4,None
0.5,0.05,0.0003,25.6,freq_plus_splitting,pocket,6,32045190.821040217,35.18882550864816,4.571638564696679,0.5988394415456494,0.6731222834942633,eta_m1|eta_m2|eta_m3|dEta_m1|dEta_m2|dEta_m3,0|1|2|3|4,None
0.5,0.05,0.001,25.6,default_m0_3,gaussian_radial,4,1668660448.424742,60.644777101315555,11.107010381098283,0.3478281039150496,0.1974499929284649,m0n0|m1n0|m2n0|m3n0,0|1|2|3|4,None
0.5,0.05,0.001,25.6,d_optimal_4,gaussian_radial,4,9985827712.629295,83.69099115102131,14.2670640827011,0.25276219334795197,0.08851369777876326,m0n0|m1n0|m0n1|m2n1,0|1|2|3|4,None
0.5,0.05,0.001,25.6,all_measurable,gaussian_radial,8,23768223047.75572,102.37466154671722,14.710024606885716,0.2066199453851212,0.07122147407936398,m0n0|m1n0|m2n0|m3n0|m4n0|m0n1|m1n1|m2n1,0|1|2|3|4,None
0.5,0.05,0.001,25.6,freq_only,pocket,3,51128.072830868296,5.5550630616807855,7.327430783093685,3.7514790433282488,3.9713713675047133,eta_m1|eta_m2|eta_m3,0|1|2|3|4,None
0.5,0.05,0.001,25.6,freq_plus_splitting,pocket,6,259566.0456504254,10.556647652594448,4.57163856469668,1.9961314718188314,2.2437409449808774,eta_m1|eta_m2|eta_m3|dEta_m1|dEta_m2|dEta_m3,0|1|2|3|4,None
0.5,0.05,0.003,25.6,default_m0_3,gaussian_radial,4,20600746.27684864,20.214925700438513,11.107010381098283,1.043484311745149,0.5923499787853949,m0n0|m1n0|m2n0|m3n0,0|1|2|3|4,None
0.5,0.05,0.003,25.6,d_optimal_4,gaussian_radial,4,123281823.61270718,27.89699705034043,14.267064082701102,0.758286580043856,0.26554109333628984,m0n0|m1n0|m0n1|m2n1,0|1|2|3|4,None
0.5,0.05,0.003,25.6,all_measurable,gaussian_radial,8,293434852.44142824,34.124887182239064,14.710024606885723,0.6198598361553637,0.21366442223809193,m0n0|m1n0|m2n0|m3n0|m4n0|m0n1|m1n1|m2n1,0|1|2|3|4,None
0.5,0.05,0.003,25.6,freq_only,pocket,3,631.2107756897301,1.851687687226928,7.327430783093686,11.254437129984753,11.914114102514144,eta_m1|eta_m2|eta_m3,0|1|2|3|4,None
0.5,0.05,0.003,25.6,freq_plus_splitting,pocket,6,3204.519082104019,3.518882550864816,4.571638564696679,5.9883944154564945,6.731222834942632,eta_m1|eta_m2|eta_m3|dEta_m1|dEta_m2|dEta_m3,0|1|2|3|4,None
0.8,0.01,0.0001,25.6,default_m0_3,gaussian_radial,4,66489672630.66004,45.423399224502695,124.97347183905609,0.46583619337292453,0.019310595812931996,m0n0|m1n0|m2n0|m3n0,0|1|2|3|4,None
0.8,0.01,0.0001,25.6,d_optimal_4,gaussian_radial,4,7036123150130.975,295.5426703466492,30.36870899457679,0.0715928515877217,0.01173650079173362,m3n0|m4n0|m0n1|m1n1,0|1|2|3|4,None
0.8,0.01,0.0001,25.6,all_measurable,gaussian_radial,8,10356280131180.68,307.72618345374514,33.98388250266909,0.06875680575327803,0.010426424007519648,m0n0|m1n0|m2n0|m3n0|m4n0|m0n1|m1n1|m2n1,0|1|2|3|4,None
0.8,0.01,0.0001,25.6,freq_only,pocket,3,25277225.698694263,17.964495557524963,15.578823235944682,1.1766508352511886,0.4384656226489635,eta_m1|eta_m2|eta_m3,0|1|2|3|4,None
0.8,0.01,0.0001,25.6,freq_plus_splitting,pocket,6,130792548.78558068,19.215975349698358,30.97181351351845,1.100674808714712,0.22900088468640242,eta_m1|eta_m2|eta_m3|dEta_m1|dEta_m2|dEta_m3,0|1|2|3|4,None
0.8,0.01,0.0003,25.6,default_m0_3,gaussian_radial,4,820860155.9340736,15.141133074834231,124.9734718390561,1.3975085801187734,0.05793178743879599,m0n0|m1n0|m2n0|m3n0,0|1|2|3|4,None
0.8,0.01,0.0003,25.6,d_optimal_4,gaussian_radial,4,86865717902.85175,98.51422344888306,30.368708994576792,0.2147785547631651,0.03520950237520086,m3n0|m4n0|m0n1|m1n1,0|1|2|3|4,None
0.8,0.01,0.0003,25.6,all_measurable,gaussian_radial,8,127855310261.49017,102.57539448458172,33.98388250266908,0.20627041725983405,0.031279272022558945,m0n0|m1n0|m2n0|m3n0|m4n0|m0n1|m1n1|m2n1,0|1|2|3|4,None
0.8,0.01,0.0003,25.6,freq_only,pocket,3,312064.5147986953,5.988165185841655,15.578823235944679,3.5299525057535646,1.31539686794689,eta_m1|eta_m2|eta_m3,0|1|2|3|4,None
0.8,0.01,0.0003,25.6,freq_plus_splitting,pocket,6,1614722.8245133397,6.40532511656612,30.971813513518455,3.3020244261441363,0.6870026540592072,eta_m1|eta_m2|eta_m3|dEta_m1|dEta_m2|dEta_m3,0|1|2|3|4,None
0.8,0.01,0.001,25.6,default_m0_3,gaussian_radial,4,6648967.263065998,4.54233992245027,124.97347183905605,4.658361933729244,0.19310595812931997,m0n0|m1n0|m2n0|m3n0,0|1|2|3|4,None
0.8,0.01,0.001,25.6,d_optimal_4,gaussian_radial,4,703612315.0130993,29.554267034664925,30.36870899457678,0.7159285158772171,0.11736500791733621,m3n0|m4n0|m0n1|m1n1,0|1|2|3|4,None
0.8,0.01,0.001,25.6,all_measurable,gaussian_radial,8,1035628013.1180708,30.77261834537451,33.9838825026691,0.6875680575327803,0.10426424007519647,m0n0|m1n0|m2n0|m3n0|m4n0|m0n1|m1n1|m2n1,0|1|2|3|4,None
0.8,0.01,0.001,25.6,freq_only,pocket,3,2527.7225698694283,1.7964495557524964,15.578823235944682,11.766508352511885,4.384656226489634,eta_m1|eta_m2|eta_m3,0|1|2|3|4,None
0.8,0.01,0.001,25.6,freq_plus_splitting,pocket,6,13079.254878558057,1.9215975349698353,30.97181351351847,11.006748087147123,2.2900088468640245,eta_m1|eta_m2|eta_m3|dEta_m1|dEta_m2|dEta_m3,0|1|2|3|4,None
0.8,0.01,0.003,25.6,default_m0_3,gaussian_radial,4,82086.01559340757,1.5141133074834232,124.97347183905607,13.975085801187735,0.5793178743879599,m0n0|m1n0|m2n0|m3n0,0|1|2|3|4,None
0.8,0.01,0.003,25.6,d_optimal_4,gaussian_radial,4,8686571.790285166,9.851422344888308,30.368708994576785,2.1477855476316514,0.3520950237520087,m3n0|m4n0|m0n1|m1n1,0|1|2|3|4,None
0.8,0.01,0.003,25.6,all_measurable,gaussian_radial,8,12785531.026149007,10.25753944845817,33.983882502669104,2.062704172598341,0.31279272022558946,m0n0|m1n0|m2n0|m3n0|m4n0|m0n1|m1n1|m2n1,0|1|2|3|4,None
0.8,0.01,0.003,25.6,freq_only,pocket,3,31.206451479869475,0.5988165185841654,15.578823235944682,35.299525057535654,13.1539686794689,eta_m1|eta_m2|eta_m3,0|1|2|3|4,None
0.8,0.01,0.003,25.6,freq_plus_splitting,pocket,6,161.4722824513341,0.6405325116566117,30.971813513518473,33.02024426144136,6.8700265405920735,eta_m1|eta_m2|eta_m3|dEta_m1|dEta_m2|dEta_m3,0|1|2|3|4,None
0.8,0.05,0.0001,25.6,default_m0_3,gaussian_radial,4,1662241815766.5044,227.0817560129931,25.002452667094634,0.09316723867458489,0.019310595812931996,m0n0|m1n0|m2n0|m3n0,0|1|2|3|4,None
0.8,0.05,0.0001,25.6,d_optimal_4,gaussian_radial,4,175903078753274.1,1475.552054239827,6.091547713408946,0.01431857031754434,0.011736500791733622,m3n0|m4n0|m0n1|m1n1,0|1|2|3|4,None
0.8,0.05,0.0001,25.6,all_measurable,gaussian_radial,8,258907003279516.6,1535.553649741587,6.824045436492032,0.013751361150655606,0.010426424007519648,m0n0|m1n0|m2n0|m3n0|m4n0|m0n1|m1n1|m2n1,0|1|2|3|4,None
0.8,0.05,0.0001,25.6,freq_only,pocket,3,651563513.0763763,79.39270618129531,4.049646988320462,0.25724072730829217,0.4531274064978626,eta_m1|eta_m2|eta_m3,0|1|2|3|4,None
0.8,0.05,0.0001,25.6,freq_plus_splitting,pocket,6,3689449605.0122504,92.10486745992135,7.160042949479637,0.22694110966126071,0.22698391461976425,eta_m1|eta_m2|eta_m3|dEta_m1|dEta_m2|dEta_m3,0|1|2|3|4,None
0.8,0.05,0.0003,25.6,default_m0_3,gaussian_radial,4,20521503898.35188,75.6939186709977,25.002452667094634,0.2795017160237546,0.05793178743879599,m0n0|m1n0|m2n0|m3n0,0|1|2|3|4,None
0.8,0.05,0.0003,25.6,d_optimal_4,gaussian_radial,4,2171642947571.2903,491.850684746609,6.091547713408946,0.04295571095263303,0.03520950237520086,m3n0|m4n0|m0n1|m1n1,0|1|2|3|4,None
0.8,0.05,0.0003,25.6,all_measurable,gaussian_radial,8,3196382756537.2495,511.8512165805292,6.824045436492026,0.04125408345196682,0.03127927202255895,m0n0|m1n0|m2n0|m3n0|m4n0|m0n1|m1n1|m2n1,0|1|2|3|4,None
0.8,0.05,0.0003,25.6,freq_only,pocket,3,8043993.988597228,26.464235393765108,4.04964698832046,0.7717221819248766,1.359382219493588,eta_m1|eta_m2|eta_m3,0|1|2|3|4,None
0.8,0.05,0.0003,25.6,freq_plus_splitting,pocket,6,45548760.555706576,30.701622486640453,7.160042949479638,0.6808233289837825,0.6809517438592929,eta_m1|eta_m2|eta_m3|dEta_m1|dEta_m2|dEta_m3,0|1|2|3|4,None
0.8,0.05,0.001,25.6,default_m0_3,gaussian_radial,4,166224181.5766497,22.70817560129931,25.002452667094627,0.931672386745849,0.19310595812931997,m0n0|m1n0|m2n0|m3n0,0|1|2|3|4,None
0.8,0.05,0.001,25.6,d_optimal_4,gaussian_radial,4,17590307875.327457,147.55520542398267,6.091547713408948,0.14318570317544344,0.11736500791733621,m3n0|m4n0|m0n1|m1n1,0|1|2|3|4,None
0.8,0.05,0.001,25.6,all_measurable,gaussian_radial,8,25890700327.95173,153.55536497415872,6.82404543649203,0.13751361150655605,0.1042642400751965,m0n0|m1n0|m2n0|m3n0|m4n0|m0n1|m1n1|m2n1,0|1|2|3|4,None
0.8,0.05,0.001,25.6,freq_only,pocket,3,65156.351307637575,7.93927061812953,4.049646988320462,2.5724072730829217,4.531274064978626,eta_m1|eta_m2|eta_m3,0|1|2|3|4,None
0.8,0.05,0.001,25.6,freq_plus_splitting,pocket,6,368944.96050122404,9.210486745992137,7.160042949479636,2.2694110966126084,2.269839146197643,eta_m1|eta_m2|eta_m3|dEta_m1|dEta_m2|dEta_m3,0|1|2|3|4,None
0.8,0.05,0.003,25.6,default_m0_3,gaussian_radial,4,2052150.3898351863,7.569391867099769,25.002452667094634,2.795017160237547,0.57931787438796,m0n0|m1n0|m2n0|m3n0,0|1|2|3|4,None
0.8,0.05,0.003,25.6,d_optimal_4,gaussian_radial,4,217164294.7571296,49.185068474660895,6.091547713408947,0.4295571095263303,0.3520950237520087,m3n0|m4n0|m0n1|m1n1,0|1|2|3|4,None
0.8,0.05,0.003,25.6,all_measurable,gaussian_radial,8,319638275.6537247,51.185121658052914,6.824045436492027,0.41254083451966816,0.31279272022558946,m0n0|m1n0|m2n0|m3n0|m4n0|m0n1|m1n1|m2n1,0|1|2|3|4,None
0.8,0.05,0.003,25.6,freq_only,pocket,3,804.399398859722,2.646423539376511,4.049646988320459,7.717221819248768,13.593822194935882,eta_m1|eta_m2|eta_m3,0|1|2|3|4,None
0.8,0.05,0.003,25.6,freq_plus_splitting,pocket,6,4554.876055570669,3.070162248664046,7.160042949479633,6.808233289837825,6.80951743859293,eta_m1|eta_m2|eta_m3|dEta_m1|dEta_m2|dEta_m3,0|1|2|3|4,None
0.95,0.01,0.0001,25.6,default_m0_3,gaussian_radial,4,2875827007.5980425,12.90582340123276,321.9659486469247,1.637608442382535,0.3796659598126983,m0n0|m1n0|m2n0|m3n0,0|1|2|3|4,None
0.95,0.01,0.0001,25.6,d_optimal_4,gaussian_radial,4,170210685436.47464,62.21717018390903,106.57930939212244,0.33971274423140707,0.07805500975398721,m3n0|m4n0|m1n1|m2n1,0|1|2|3|4,None
0.95,0.01,0.0001,25.6,all_measurable,gaussian_radial,8,264911589745.1917,69.985266724345,105.08415473049463,0.301996940888306,0.0702962531768264,m0n0|m1n0|m2n0|m3n0|m4n0|m0n1|m1n1|m2n1,0|1|2|3|4,None
0.95,0.01,0.0001,25.6,freq_only,pocket,3,2123086.603457158,4.632755722438828,67.88988181331561,4.565655674387848,0.6872961586537736,eta_m1|eta_m2|eta_m3,0|1|2|3|4,None
0.95,0.01,0.0001,25.6,freq_plus_splitting,pocket,6,9734539.949421387,5.584589415446413,100.04035360939378,3.7865595797328915,0.6668278639992093,eta_m1|eta_m2|eta_m3|dEta_m1|dEta_m2|dEta_m3,0|1|2|3|4,None
0.95,0.01,0.0003,25.6,default_m0_3,gaussian_radial,4,35504037.130841374,4.301941133744242,321.96594864692554,4.912825327147518,1.1389978794380746,m0n0|m1n0|m2n0|m3n0,0|1|2|3|4,None
0.95,0.01,0.0003,25.6,d_optimal_4,gaussian_radial,4,2101366486.8700547,20.739056727969686,106.5793093921224,1.019138232694222,0.2341650292619618,m3n0|m4n0|m1n1|m2n1,0|1|2|3|4,None
0.95,0.01,0.0003,25.6,all_measurable,gaussian_radial,8,3270513453.6443844,23.328422241448333,105.0841547304946,0.9059908226649134,0.21088875953047814,m0n0|m1n0|m2n0|m3n0|m4n0|m0n1|m1n1|m2n1,0|1|2|3|4,None
0.95,0.01,0.0003,25.6,freq_only,pocket,3,26210.945721693275,1.5442519074796095,67.88988181331561,13.696967023163557,2.0618884759613225,eta_m1|eta_m2|eta_m3,0|1|2|3|4,None
0.95,0.01,0.0003,25.6,freq_plus_splitting,pocket,6,120179.50554841183,1.8615298051488045,100.04035360939376,11.359678739198694,2.0004835919976314,eta_m1|eta_m2|eta_m3|dEta_m1|dEta_m2|dEta_m3,0|1|2|3|4,None
0.95,0.01,0.001,25.6,default_m0_3,gaussian_radial,4,287582.7007597887,1.2905823401232706,321.96594864692605,16.376084423825816,3.796659598127092,m0n0|m1n0|m2n0|m3n0,0|1|2|3|4,None
0.95,0.01,0.001,25.6,d_optimal_4,gaussian_radial,4,17021068.54364751,6.221717018390907,106.57930939212235,3.3971274423140647,0.7805500975398707,m3n0|m4n0|m1n1|m2n1,0|1|2|3|4,None
0.95,0.01,0.001,25.6,all_measurable,gaussian_radial,8,26491158.97451924,6.998526672434501,105.0841547304946,3.0199694088830555,0.7029625317682632,m0n0|m1n0|m2n0|m3n0|m4n0|m0n1|m1n1|m2n1,0|1|2|3|4,None
0.95,0.01,0.001,25.6,freq_only,pocket,3,212.3086603457156,0.46327557224388277,67.88988181331563,45.656556743878525,6.872961586537742,eta_m1|eta_m2|eta_m3,0|1|2|3|4,None
0.95,0.01,0.001,25.6,freq_plus_splitting,pocket,6,973.4539949421397,0.5584589415446414,100.04035360939378,37.8655957973289,6.668278639992091,eta_m1|eta_m2|eta_m3|dEta_m1|dEta_m2|dEta_m3,0|1|2|3|4,None
0.95,0.01,0.003,25.6,default_m0_3,gaussian_radial,4,3550.4037130838756,0.43019411337442454,321.96594864692526,49.128253271476964,11.389978794381161,m0n0|m1n0|m2n0|m3n0,0|1|2|3|4,None
0.95,0.01,0.003,25.6,d_optimal_4,gaussian_radial,4,210136.64868700603,2.0739056727969687,106.57930939212237,10.191382326942211,2.3416502926196165,m3n0|m4n0|m1n1|m2n1,0|1|2|3|4,None
0.95,0.01,0.003,25.6,all_measurable,gaussian_radial,8,327051.3453644335,2.3328422241448328,105.08415473049465,9.059908226649199,2.108887595304797,m0n0|m1n0|m2n0|m3n0|m4n0|m0n1|m1n1|m2n1,0|1|2|3|4,None
0.95,0.01,0.003,25.6,freq_only,pocket,3,2.6210945721693295,0.15442519074796093,67.88988181331561,136.96967023163552,20.618884759613223,eta_m1|eta_m2|eta_m3,0|1|2|3|4,None
0.95,0.01,0.003,25.6,freq_plus_splitting,pocket,6,12.017950554841194,0.1861529805148805,100.04035360939375,113.59678739198688,20.004835919976305,eta_m1|eta_m2|eta_m3|dEta_m1|dEta_m2|dEta_m3,0|1|2|3|4,None
0.95,0.05,0.0001,25.6,default_m0_3,gaussian_radial,4,71895675189.94687,62.753131026565754,68.08956885912689,0.3275216884765172,0.37966595981271006,m0n0|m1n0|m2n0|m3n0,0|1|2|3|4,None
0.95,0.05,0.0001,25.6,d_optimal_4,gaussian_radial,4,4255267135911.8896,302.92540120746906,22.479778678000585,0.06794254884628124,0.07805500975398702,m3n0|m4n0|m1n1|m2n1,0|1|2|3|4,None
0.95,0.05,0.0001,25.6,all_measurable,gaussian_radial,8,6622789743629.877,340.5159478674153,22.194510467261658,0.060399388177660863,0.07029625317682603,m0n0|m1n0|m2n0|m3n0|m4n0|m0n1|m1n1|m2n1,0|1|2|3|4,None
0.95,0.05,0.0001,25.6,freq_only,pocket,3,81182830.7627075,24.691290290121035,14.778982147255812,0.8501053645831687,0.5807676731658586,eta_m1|eta_m2|eta_m3,0|1|2|3|4,None
0.95,0.05,0.0001,25.6,freq_plus_splitting,pocket,6,375302474.1299519,30.616873861107305,20.6665995244764,0.6816956334586187,0.5603575450492763,eta_m1|eta_m2|eta_m3|dEta_m1|dEta_m2|dEta_m3,0|1|2|3|4,None
0.95,0.05,0.0003,25.6,default_m0_3,gaussian_radial,4,887600928.2709888,20.917710342188627,68.08956885912673,0.9825650654295294,1.1389978794381046,m0n0|m1n0|m2n0|m3n0,0|1|2|3|4,None
0.95,0.05,0.0003,25.6,d_optimal_4,gaussian_radial,4,52534162171.75147,100.97513373582305,22.47977867800058,0.2038276465388441,0.23416502926196145,m3n0|m4n0|m1n1|m2n1,0|1|2|3|4,None
0.95,0.05,0.0003,25.6,all_measurable,gaussian_radial,8,81762836341.10861,113.50531595580527,22.194510467261622,0.18119816453298382,0.21088875953047947,m0n0|m1n0|m2n0|m3n0|m4n0|m0n1|m1n1|m2n1,0|1|2|3|4,None
0.95,0.05,0.0003,25.6,freq_only,pocket,3,1002257.1699099696,8.230430096707014,14.778982147255807,2.550316093749507,1.7423030194975764,eta_m1|eta_m2|eta_m3,0|1|2|3|4,None
0.95,0.05,0.0003,25.6,freq_plus_splitting,pocket,6,4633363.87814759,10.205624620369104,20.666599524476396,2.045086900375852,1.6810726351478258,eta_m1|eta_m2|eta_m3|dEta_m1|dEta_m2|dEta_m3,0|1|2|3|4,None
0.95,0.05,0.001,25.6,default_m0_3,gaussian_radial,4,7189567.5189948585,6.275313102656581,68.08956885912681,3.275216884765129,3.7966595981270523,m0n0|m1n0|m2n0|m3n0,0|1|2|3|4,None
0.95,0.05,0.001,25.6,d_optimal_4,gaussian_radial,4,425526713.5911901,30.292540120746906,22.479778678000585,0.6794254884628125,0.7805500975398703,m3n0|m4n0|m1n1|m2n1,0|1|2|3|4,None
0.95,0.05,0.001,25.6,all_measurable,gaussian_radial,8,662278974.3629848,34.05159478674156,22.19451046726164,0.6039938817766097,0.7029625317682616,m0n0|m1n0|m2n0|m3n0|m4n0|m0n1|m1n1|m2n1,0|1|2|3|4,None
0.95,0.05,0.001,25.6,freq_only,pocket,3,8118.283076270757,2.469129029012105,14.7789821472558,8.501053645831684,5.807676731658585,eta_m1|eta_m2|eta_m3,0|1|2|3|4,None
0.95,0.05,0.001,25.6,freq_plus_splitting,pocket,6,37530.24741299529,3.0616873861107314,20.666599524476393,6.816956334586186,5.6035754504927615,eta_m1|eta_m2|eta_m3|dEta_m1|dEta_m2|dEta_m3,0|1|2|3|4,None
0.95,0.05,0.003,25.6,default_m0_3,gaussian_radial,4,88760.09282709722,2.0917710342188607,68.0895688591268,9.825650654295368,11.389978794381133,m0n0|m1n0|m2n0|m3n0,0|1|2|3|4,None
0.95,0.05,0.003,25.6,d_optimal_4,gaussian_radial,4,5253416.217175106,10.097513373582299,22.47977867800059,2.03827646538845,2.341650292619626,m3n0|m4n0|m1n1|m2n1,0|1|2|3|4,None
0.95,0.05,0.003,25.6,all_measurable,gaussian_radial,8,8176283.634110854,11.350531595580517,22.194510467261644,1.8119816453298376,2.108887595304794,m0n0|m1n0|m2n0|m3n0|m4n0|m0n1|m1n1|m2n1,0|1|2|3|4,None
0.95,0.05,0.003,25.6,freq_only,pocket,3,100.22571699099696,0.8230430096707015,14.778982147255801,25.50316093749506,17.423030194975762,eta_m1|eta_m2|eta_m3,0|1|2|3|4,None
0.95,0.05,0.003,25.6,freq_plus_splitting,pocket,6,463.3363878147561,1.0205624620369105,20.666599524476393,20.45086900375857,16.810726351478294,eta_m1|eta_m2|eta_m3|dEta_m1|dEta_m2|dEta_m3,0|1|2|3|4,None
