m,xi_d,dtheta_deg,depth_frac,r1_mm,r2_mm,eta_bar,delta_eta,ratio_split_over_mean,B_signed,B_sign,psi_lower_deg,theta0_hat_deg,s_bar_radial_pct,s_bar_azavg_pct
1,0.2,10,0.1,16.632,22.631999999999998,-0.003992947103194149,0.0068389240797539184,1.7127509839244144,-1635830.44835762,-,22.918311805232925,22.918311805232925,7.684310018903587,0.21345305608065518
1,0.2,10,0.25,16.632,22.631999999999998,-0.00851005897482812,0.014573365792068834,1.7124870503454033,-3485863.4515763433,-,22.918311805232925,22.918311805232925,16.392958412098295,0.4553599558916192
1,0.2,10,0.5,16.632,22.631999999999998,-0.012853206299211172,0.022003492695507547,1.7119069112629077,-5263106.140932754,-,22.918311805232925,22.918311805232925,24.810964083175797,0.6891934467548833
1,0.2,20,0.1,16.632,22.631999999999998,-0.007985894206388297,0.013470050912007078,1.686730447948051,-3221957.0163120413,-,22.918311805232925,22.918311805232925,7.684310018903587,0.42690611216131036
1,0.2,20,0.25,16.632,22.631999999999998,-0.01702011794965624,0.02870392723902457,1.6864705241131606,-6865810.706108557,-,22.918311805232925,22.918311805232925,16.392958412098295,0.9107199117832384
1,0.2,20,0.5,16.632,22.631999999999998,-0.025706412598422344,0.04333842039976664,1.6858991986468936,-10366295.465033477,-,22.918311805232925,22.918311805232925,24.810964083175797,1.3783868935097665
1,0.2,30,0.1,16.632,22.631999999999998,-0.011978841309582445,0.01969189706347355,1.643889968533189,-4710186.050714739,-,22.918311805232925,22.918311805232925,7.684310018903587,0.6403591682419655
1,0.2,30,0.25,16.632,22.631999999999998,-0.02553017692448436,0.04196233438171056,1.6436366463824688,-10037143.776603514,-,22.918311805232925,22.918311805232925,16.392958412098295,1.3660798676748576
1,0.2,30,0.5,16.632,22.631999999999998,-0.03855961889763352,0.0633565321304777,1.6430798317450699,-15154510.147027768,-,22.918311805232925,22.918311805232925,24.810964083175797,2.0675803402646498
1,0.2,45,0.1,16.632,22.631999999999998,-0.01796826196437367,0.027848547896019222,1.549874325699144,-6661208.994221351,-,22.918311805232925,22.918311805232925,7.684310018903587,0.9605387523629484
1,0.2,45,0.25,16.632,22.631999999999998,-0.03829526538672654,0.059343702391449905,1.549635491285012,-14194664.856361398,-,22.918311805232925,22.918311805232925,16.392958412098295,2.0491198015122865
1,0.2,45,0.5,16.632,22.631999999999998,-0.05783942834645028,0.08959966700384832,1.549110521410387,-21431713.781047355,-,22.918311805232925,22.918311805232925,24.810964083175797,3.1013705103969746
1,0.2,60,0.1,16.632,22.631999999999998,-0.02395768261916489,0.034107366211352574,1.4236504737761435,-8158281.552940126,-,22.918311805232925,22.918311805232925,7.684310018903587,1.280718336483931
1,0.2,60,0.25,16.632,22.631999999999998,-0.05106035384896872,0.07268089515331705,1.4234310903582783,-17384842.98395105,-,22.918311805232925,22.918311805232925,16.392958412098295,2.732159735349715
1,0.2,60,0.5,16.632,22.631999999999998,-0.07711923779526704,0.10973673264135742,1.4229488747370915,-26248381.53847019,-,22.918311805232925,22.918311805232925,24.810964083175797,4.1351606805292995
1,0.2,90,0.1,16.632,22.631999999999998,-0.03593652392874734,0.039383794126947105,1.0959266456887926,-9420372.10142948,-,22.918311805232925,22.918311805232925,7.684310018903587,1.9210775047258968
1,0.2,90,0.25,16.632,22.631999999999998,-0.07659053077345308,0.08392466876342114,1.0957577642549794,-20074287.553207032,-,22.918311805232925,22.918311805232925,16.392958412098295,4.098239603024573
1,0.2,90,0.5,16.632,22.631999999999998,-0.11567885669290057,0.1267130642609554,1.0953865544967132,-30309020.29405554,-,22.918311805232925,22.918311805232925,24.810964083175797,6.202741020793949
1,0.5,10,0.1,22.980000000000004,28.980000000000004,-0.0008694334787061626,0.00010576086152808098,0.12164341967308158,-25297.376533882227,-,22.9183118052329,22.9183118052329,7.684310018903591,0.2134530560806553
1,0.5,10,0.25,22.980000000000004,28.980000000000004,-0.0017164239197946934,4.9659050804779126e-05,0.028931693524009497,11878.153112341417,+,112.91831180523288,22.91831180523287,16.392958412098302,0.4553599558916195
1,0.5,10,0.5,22.980000000000004,28.980000000000004,-0.00213899941420057,0.000988170567529321,0.46197795145195963,236364.5923955714,+,112.91831180523293,22.91831180523295,24.810964083175808,0.6891934467548835
1,0.5,20,0.1,22.980000000000004,28.980000000000004,-0.0017388669574123251,0.00020830823279620935,0.11979538279696847,-49826.105082872615,-,22.91831180523295,22.91831180523295,7.684310018903591,0.4269061121613106
1,0.5,20,0.25,22.980000000000004,28.980000000000004,-0.003432847839589387,9.78092364795474e-05,0.028492156090217692,23395.394552999875,+,112.91831180523289,22.9183118052329,16.392958412098302,0.910719911783239
1,0.5,20,0.5,22.980000000000004,28.980000000000004,-0.00427799882840114,0.0019463160724026982,0.4549594683105873,465547.3662574582,+,112.91831180523293,22.91831180523295,24.810964083175808,1.378386893509767
1,0.5,30,0.1,22.980000000000004,28.980000000000004,-0.0026083004361184877,0.0003045262638198767,0.11675275578033256,-72840.89264214563,-,22.9183118052329,22.9183118052329,7.684310018903591,0.6403591682419658
1,0.5,30,0.25,22.980000000000004,28.980000000000004,-0.005149271759384079,0.0001429875379977462,0.02776849711557065,34201.77876880625,+,112.91831180523293,22.91831180523295,16.392958412098302,1.3660798676748582
1,0.5,30,0.5,22.980000000000004,28.980000000000004,-0.006416998242601709,0.002845323748299573,0.443404165114118,680584.7189739463,+,112.91831180523293,22.91831180523295,24.810964083175808,2.06758034026465
1,0.5,45,0.1,22.980000000000004,28.980000000000004,-0.0039124506541777316,0.0004306651723928772,0.11007555377932016,-103012.57826988504,-,22.91831180523295,22.91831180523295,7.684310018903591,0.9605387523629488
1,0.5,45,0.25,22.980000000000004,28.980000000000004,-0.007723907639076119,0.00020221491548675128,0.026180390151705497,48368.61939213006,+,112.91831180523292,22.918311805232925,16.392958412098302,2.049119801512288
1,0.5,45,0.5,22.980000000000004,28.980000000000004,-0.009625497363902566,0.004023895434187508,0.4180454559447366,962492.1399168367,+,112.91831180523293,22.91831180523295,24.810964083175808,3.1013705103969755
1,0.5,60,0.1,22.980000000000004,28.980000000000004,-0.005216600872236975,0.0005274549611751509,0.10111085246760855,-126164.12692486634,-,22.918311805232925,22.918311805232925,7.684310018903591,1.2807183364839316
1,0.5,60,0.25,22.980000000000004,28.980000000000004,-0.010298543518768157,0.0002476616806612822,0.02404822392699913,59239.21853680303,+,112.91831180523283,22.918311805232847,16.392958412098302,2.7321597353497165
1,0.5,60,0.5,22.980000000000004,28.980000000000004,-0.012833996485203418,0.004928245296037181,0.383999271132656,1178807.3121178611,+,112.91831180523293,22.91831180523295,24.810964083175808,4.1351606805293
1,0.5,90,0.1,22.980000000000004,28.980000000000004,-0.007824901308355463,0.0006090525276397538,0.07783517052022176,-145681.78528429137,-,22.918311805232925,22.918311805232925,7.684310018903591,1.9210775047258977
1,0.5,90,0.25,22.980000000000004,28.980000000000004,-0.015447815278152238,0.0002859750759954924,0.01851233141038043,68403.5575376125,+,112.91831180523293,22.91831180523295,16.392958412098302,4.098239603024576
1,0.5,90,0.5,22.980000000000004,28.980000000000004,-0.019250994727805133,0.005690647496599148,0.2956027767427453,1361169.437947893,+,112.91831180523293,22.91831180523295,24.810964083175808,6.202741020793951
1,0.8,10,0.1,29.328000000000003,35.328,0.0012532739557096016,0.003536120669433056,2.8215065455747945,845819.2827801452,+,112.91831180523292,22.918311805232925,7.684310018903591,0.2134530560806553
1,0.8,10,0.25,29.328000000000003,35.328,0.0032982575430130175,0.008786572372062635,2.6640043287935433,2101696.4737873045,+,112.91831180523292,22.918311805232925,16.392958412098302,0.4553599558916195
1,0.8,10,0.5,29.328000000000003,35.328,0.007063701841891171,0.017421080683219597,2.4662819967717433,4167020.117867841,+,112.91831180523292,22.918311805232925,24.810964083175808,0.6891934467548835
1,0.8,20,0.1,29.328000000000003,35.328,0.002506547911419203,0.006964798101688786,2.778641521256751,1665938.7746582243,+,112.91831180523292,22.918311805232925,7.684310018903591,0.4269061121613106
1,0.8,20,0.25,29.328000000000003,35.328,0.006596515086026035,0.017306169188820303,2.623532117053965,4139533.963728313,+,112.91831180523292,22.918311805232925,16.392958412098302,0.910719911783239
1,0.8,20,0.5,29.328000000000003,35.328,0.014127403683782342,0.03431283064537175,2.4288136315352427,8207427.43806819,+,112.91831180523292,22.918311805232925,24.810964083175808,1.378386893509767
1,0.8,30,0.1,29.328000000000003,35.328,0.0037598218671288054,0.010181853667982594,2.70806810210878,2435439.559874009,+,112.91831180523292,22.918311805232925,7.684310018903591,0.6403591682419658
1,0.8,30,0.25,29.328000000000003,35.328,0.009894772629039053,0.02529992681211982,2.5568982492705206,6051593.808886693,+,112.91831180523292,22.918311805232925,16.392958412098302,1.3660798676748582
1,0.8,30,0.5,29.328000000000003,35.328,0.02119110552567351,0.050162002611494366,2.367125327686276,11998456.228721512,+,112.91831180523292,22.918311805232925,24.810964083175808,2.06758034026465
1,0.8,45,0.1,29.328000000000003,35.328,0.005639732800693208,0.01439931554735923,2.5531910918881366,3444231.655913785,+,112.91831180523292,22.918311805232925,7.684310018903591,0.9605387523629488
1,0.8,45,0.25,29.328000000000003,35.328,0.01484215894355858,0.03577949962474656,2.4106667878175956,8558246.038500618,+,112.91831180523292,22.918311805232925,16.392958412098302,2.049119801512288
1,0.8,45,0.5,29.328000000000003,35.328,0.031786658288510274,0.07093978440896996,2.2317471615005258,16968379.526197903,+,112.91831180523292,22.918311805232925,24.810964083175808,3.1013705103969755
1,0.8,60,0.1,29.328000000000003,35.328,0.007519643734257611,0.017635487868177386,2.3452557716045144,4218305.056464968,+,112.91831180523292,22.918311805232925,7.684310018903591,1.2807183364839316
1,0.8,60,0.25,29.328000000000003,35.328,0.019789545258078106,0.04382075866636564,2.214338838760227,10481667.943761017,+,112.91831180523292,22.918311805232925,16.392958412098302,2.7321597353497165
1,0.8,60,0.5,29.328000000000003,35.328,0.04238221105134702,0.08688313713251097,2.0499906677178794,20781935.800536927,+,112.91831180523292,22.918311805232925,24.810964083175808,4.1351606805293
1,0.8,90,0.1,29.328000000000003,35.328,0.011279465601386415,0.02036370733596519,1.8053787347391872,4870879.119748019,+,112.91831180523292,22.918311805232925,7.684310018903591,1.9210775047258977
1,0.8,90,0.25,29.328000000000003,35.328,0.02968431788711716,0.050599853624239646,1.7045988328470139,12103187.617773388,+,112.91831180523292,22.918311805232925,16.392958412098302,4.098239603024576
1,0.8,90,0.5,29.328000000000003,35.328,0.06357331657702055,0.10032400522298876,1.578083551790851,23996912.45744303,+,112.91831180523292,22.918311805232925,24.810964083175808,6.202741020793951
2,0.2,10,0.1,16.632,22.631999999999998,-0.003313438487316822,0.0031621396005368624,0.954337801242093,-985223.8962341779,-,22.918311805232932,22.918311805232932,7.684310018903587,0.21345305608065518
2,0.2,10,0.25,16.632,22.631999999999998,-0.007060287792860644,0.006729576614075246,0.9531589662506658,-2096725.8025546898,-,22.91831180523293,22.91831180523293,16.392958412098295,0.4553599558916192
2,0.2,10,0.5,16.632,22.631999999999998,-0.010658381928839923,0.010131495528338471,0.9505660048570994,-3156657.4408713924,-,22.91831180523293,22.91831180523293,24.810964083175797,0.6891934467548833
2,0.2,20,0.1,16.632,22.631999999999998,-0.006626876974633644,0.0059428784970387795,0.8967841895642437,-1851615.2502263968,-,22.918311805232932,22.918311805232932,7.684310018903587,0.42690611216131036
2,0.2,20,0.25,16.632,22.631999999999998,-0.014120575585721287,0.012647466970519853,0.8956764470216753,-3940555.5289441072,-,22.918311805232932,22.918311805232932,16.392958412098295,0.9107199117832384
2,0.2,20,0.5,16.632,22.631999999999998,-0.021316763857679846,0.019040983171010183,0.8932398603341585,-5932575.407071555,-,22.918311805232932,22.918311805232932,24.810964083175797,1.3783868935097665
2,0.2,30,0.1,16.632,22.631999999999998,-0.009940315461950467,0.008006818539252319,0.8054893800806235,-2494674.478110619,-,22.918311805232932,22.918311805232932,7.684310018903587,0.6403591682419655
2,0.2,30,0.25,16.632,22.631999999999998,-0.021180863378581934,0.017039886153586786,0.8044944084204566,-5309096.10213709,-,22.918311805232932,22.918311805232932,16.392958412098295,1.3660798676748576
2,0.2,30,0.5,16.632,22.631999999999998,-0.03197514578651977,0.025653847228275396,0.8023058721780922,-7992937.223690801,-,22.918311805232932,22.918311805232932,24.810964083175797,2.0675803402646498
2,0.2,45,0.1,16.632,22.631999999999998,-0.0149104731929257,0.009245477677979628,0.6200660138919106,-2880601.9629553105,-,22.918311805232932,22.918311805232932,7.684310018903587,0.9605387523629484
2,0.2,45,0.25,16.632,22.631999999999998,-0.0317712950678729,0.019675965715467817,0.6193000843507992,-6130416.127444884,-,22.91831180523293,22.91831180523293,16.392958412098295,2.0491198015122865
2,0.2,45,0.5,16.632,22.631999999999998,-0.04796271867977966,0.02962251120598867,0.6176153483659187,-9229448.915427329,-,22.918311805232932,22.918311805232932,24.810964083175797,3.1013705103969746
2,0.2,60,0.1,16.632,22.631999999999998,-0.019880630923900935,0.00800681853925232,0.4027446900403118,-2494674.4781106194,-,22.918311805232932,22.918311805232932,7.684310018903587,1.280718336483931
2,0.2,60,0.25,16.632,22.631999999999998,-0.04236172675716387,0.017039886153586786,0.4022472042102283,-5309096.10213709,-,22.918311805232932,22.918311805232932,16.392958412098295,2.732159735349715
2,0.2,60,0.5,16.632,22.631999999999998,-0.06395029157303954,0.0256538472282754,0.4011529360890462,-7992937.223690802,-,22.918311805232932,22.918311805232932,24.810964083175797,4.1351606805292995
2,0.2,90,0.1,16.632,22.631999999999998,-0.0298209463858514,1.1322444644926052e-18,3.796809295863932e-17,-3.527719973550803e-10,-,0.0,0.0,7.684310018903587,1.9210775047258968
2,0.2,90,0.25,16.632,22.631999999999998,-0.0635425901357458,2.409610843358072e-18,3.79211933005946e-17,-7.507594487916689e-10,-,0.0,0.0,16.392958412098295,4.098239603024573
2,0.2,90,0.5,16.632,22.631999999999998,-0.09592543735955932,3.627711353112062e-18,3.781803297402998e-17,-1.1302815072172088e-09,-,0.0,0.0,24.810964083175797,6.202741020793949
2,0.5,10,0.1,22.980000000000004,28.980000000000004,-0.0011508944901769949,0.0025188691368522847,2.18861864258722,784800.9191916442,+,67.91831180523293,22.918311805232936,7.684310018903591,0.2134530560806553
2,0.5,10,0.25,22.980000000000004,28.980000000000004,-0.002318093827321547,0.005642199679647698,2.4339824441735414,1757933.1256501032,+,67.91831180523293,22.918311805232936,16.392958412098302,0.4553599558916195
2,0.5,10,0.5,22.980000000000004,28.980000000000004,-0.0030537091693951424,0.00943070172962649,3.0882776343414715,2938311.9899916947,+,67.91831180523293,22.918311805232936,24.810964083175808,0.6891934467548835
2,0.5,20,0.1,22.980000000000004,28.980000000000004,-0.0023017889803539898,0.004733925481250924,2.0566287881536813,1474943.2651007718,+,67.91831180523293,22.918311805232936,7.684310018903591,0.4269061121613106
2,0.5,20,0.25,22.980000000000004,28.980000000000004,-0.004636187654643094,0.010603866807931118,2.2871953419123265,3303833.572017018,+,67.91831180523293,22.918311805232936,16.392958412098302,0.910719911783239
2,0.5,20,0.5,22.980000000000004,28.980000000000004,-0.006107418338790285,0.01772392164832583,2.9020317039288424,5522220.189123906,+,67.91831180523293,22.918311805232936,24.810964083175808,1.378386893509767
2,0.5,30,0.1,22.980000000000004,28.980000000000004,-0.0034526834705309846,0.006378000547311463,1.8472589803694333,1987185.6853944943,+,67.91831180523293,22.918311805232936,7.684310018903591,0.6403591682419658
2,0.5,30,0.25,22.980000000000004,28.980000000000004,-0.006954281481964641,0.014286551102771295,2.0543532987300406,4451242.930208179,+,67.91831180523293,22.918311805232936,16.392958412098302,1.3660798676748582
2,0.5,30,0.5,22.980000000000004,28.980000000000004,-0.00916112750818543,0.023879375039012305,2.6065978251777615,7440067.134157702,+,67.91831180523293,22.918311805232936,24.810964083175808,2.06758034026465
2,0.5,45,0.1,22.980000000000004,28.980000000000004,-0.005179025205796477,0.0073646806657637065,1.422020626105661,2294604.3807845647,+,67.91831180523292,22.918311805232925,7.684310018903591,0.9605387523629488
2,0.5,45,0.25,22.980000000000004,28.980000000000004,-0.01043142222294696,0.016496688249952707,1.5814419067098464,5139852.607968222,+,67.91831180523293,22.918311805232936,16.392958412098302,2.049119801512288
2,0.5,45,0.5,22.980000000000004,28.980000000000004,-0.013741691262278142,0.027573527213707573,2.006559941380632,8591049.525389675,+,67.91831180523293,22.918311805232936,24.810964083175808,3.1013705103969755
2,0.5,60,0.1,22.980000000000004,28.980000000000004,-0.006905366941061969,0.006378000547311463,0.9236294901847166,1987185.6853944946,+,67.91831180523293,22.918311805232936,7.684310018903591,1.2807183364839316
2,0.5,60,0.25,22.980000000000004,28.980000000000004,-0.013908562963929281,0.014286551102771298,1.0271766493650205,4451242.93020818,+,67.91831180523293,22.918311805232936,16.392958412098302,2.7321597353497165
2,0.5,60,0.5,22.980000000000004,28.980000000000004,-0.01832225501637086,0.023879375039012305,1.3032989125888808,7440067.134157702,+,67.91831180523293,22.918311805232936,24.810964083175808,4.1351606805293
2,0.5,90,0.1,22.980000000000004,28.980000000000004,-0.010358050411592955,9.019132604069923e-19,8.707365040409066e-17,2.8100799102373117e-10,+,0.0,45.0,7.684310018903591,1.9210775047258977
2,0.5,90,0.25,22.980000000000004,28.980000000000004,-0.02086284444589392,2.020261646183633e-18,9.683538845448502e-17,6.294504044437458e-10,+,0.0,45.0,16.392958412098302,4.098239603024576
2,0.5,90,0.5,22.980000000000004,28.980000000000004,-0.027483382524556284,3.3767831843469415e-18,1.2286636047545458e-16,1.0521001302584853e-09,+,0.0,45.0,24.810964083175808,6.202741020793951
2,0.8,10,0.1,29.328000000000003,35.328,0.0007379330251649524,0.0047857629801240885,6.485362244160725,1491094.210050256,+,67.91831180523293,22.918311805232936,7.684310018903591,0.2134530560806553
2,0.8,10,0.25,29.328000000000003,35.328,0.002197657476536535,0.0114311597028836,5.201520175427375,3561592.1887313332,+,67.91831180523293,22.918311805232936,16.392958412098302,0.4553599558916195
2,0.8,10,0.5,29.328000000000003,35.328,0.005393876029367849,0.021353127667767324,3.9587724210765494,6652967.387667457,+,67.91831180523293,22.918311805232936,24.810964083175808,0.6891934467548835
2,0.8,20,0.1,29.328000000000003,35.328,0.001475866050329905,0.008994292314505967,6.094247043961372,2802340.452161637,+,67.91831180523293,22.918311805232936,7.684310018903591,0.4269061121613106
2,0.8,20,0.25,29.328000000000003,35.328,0.00439531495307307,0.02148355283964991,4.887830125718128,6693603.795999132,+,67.91831180523293,22.918311805232936,16.392958412098302,0.910719911783239
2,0.8,20,0.5,29.328000000000003,35.328,0.010787752058735698,0.04013075300020073,3.720029231456398,12503488.72104082,+,67.91831180523293,22.918311805232936,24.810964083175808,1.378386893509767
2,0.8,30,0.1,29.328000000000003,35.328,0.0022137990754948576,0.012117977254141245,5.473837887222206,3775583.077602017,+,67.91831180523293,22.918311805232936,7.684310018903591,0.6403591682419658
2,0.8,30,0.25,29.328000000000003,35.328,0.006592972429609605,0.02894471244048274,4.3902371425807205,9018267.998398526,+,67.91831180523293,22.918311805232936,16.392958412098302,1.3660798676748582
2,0.8,30,0.5,29.328000000000003,35.328,0.01618162808810355,0.05406801725397385,3.3413212168510853,16845904.782816336,+,67.91831180523293,22.918311805232936,24.810964083175808,2.06758034026465
2,0.8,45,0.1,29.328000000000003,35.328,0.0033206986132422868,0.01399263485942442,4.213762370250818,4359667.812402641,+,67.91831180523293,22.918311805232936,7.684310018903591,0.9605387523629488
2,0.8,45,0.25,29.328000000000003,35.328,0.009889458644414408,0.03342247503825804,3.379606128100363,10413398.912999153,+,67.91831180523293,22.918311805232936,16.392958412098302,2.049119801512288
2,0.8,45,0.5,29.328000000000003,35.328,0.02427244213215532,0.06243236863226226,2.5721502719973093,19451975.32220363,+,67.91831180523293,22.918311805232936,24.810964083175808,3.1013705103969755
2,0.8,60,0.1,29.328000000000003,35.328,0.004427598150989715,0.012117977254141247,2.7369189436111037,3775583.0776020177,+,67.91831180523293,22.918311805232936,7.684310018903591,1.2807183364839316
2,0.8,60,0.25,29.328000000000003,35.328,0.01318594485921921,0.02894471244048274,2.1951185712903603,9018267.998398526,+,67.91831180523293,22.918311805232936,16.392958412098302,2.7321597353497165
2,0.8,60,0.5,29.328000000000003,35.328,0.0323632561762071,0.05406801725397385,1.6706606084255426,16845904.782816336,+,67.91831180523293,22.918311805232936,24.810964083175808,4.1351606805293
2,0.8,90,0.1,29.328000000000003,35.328,0.0066413972264845736,1.7136035492231793e-18,2.580185299547614e-16,5.339053231804639e-10,+,67.5,22.5,7.684310018903591,1.9210775047258977
2,0.8,90,0.25,29.328000000000003,35.328,0.019778917288828815,4.093072707518502e-18,2.0694119135784446e-16,1.275273564704894e-09,+,0.0,45.0,16.392958412098302,4.098239603024576
2,0.8,90,0.5,29.328000000000003,35.328,0.04854488426431064,7.64576004086876e-18,1.5749877987637496e-16,2.382179931542998e-09,+,0.0,45.0,24.810964083175808,6.202741020793951
3,0.2,10,0.1,16.632,22.631999999999998,-0.0019861648262999897,0.0001973374439090442,0.09935602589270626,-118985.09053375067,-,22.91831180523293,22.91831180523293,7.684310018903587,0.21345305608065518
3,0.2,10,0.25,16.632,22.631999999999998,-0.004229025886556154,0.0004055780980637873,0.09590343236088913,-244544.29813567904,-,22.918311805232925,22.918311805232925,16.392958412098295,0.4553599558916192
3,0.2,10,0.5,16.632,22.631999999999998,-0.006373939945205264,0.0005627632384610931,0.08829126777142392,-339319.45985994913,-,22.918311805232932,22.918311805232932,24.810964083175797,0.6891934467548833
3,0.2,20,0.1,16.632,22.631999999999998,-0.003972329652599979,0.00034179847908623806,0.08604484244214808,-206088.22214763885,-,22.918311805232932,22.918311805232932,7.684310018903587,0.42690611216131036
3,0.2,20,0.25,16.632,22.631999999999998,-0.008458051773112308,0.0007024818722836321,0.08305480873465261,-423563.1490722671,-,22.91831180523293,22.91831180523293,16.392958412098295,0.9107199117832384
3,0.2,20,0.5,16.632,22.631999999999998,-0.012747879890410528,0.0009747345216466129,0.0764624808223874,-587718.5444742601,-,22.91831180523294,22.91831180523294,24.810964083175797,1.3783868935097665
3,0.2,30,0.1,16.632,22.631999999999998,-0.005958494478899968,0.0003946748878180884,0.06623735059513751,-237970.18106750134,-,22.91831180523293,22.91831180523293,7.684310018903587,0.6403591682419655
3,0.2,30,0.25,16.632,22.631999999999998,-0.012687077659668462,0.0008111561961275746,0.06393562157392609,-489088.5962713581,-,22.918311805232925,22.918311805232925,16.392958412098295,1.3660798676748576
3,0.2,30,0.5,16.632,22.631999999999998,-0.019121819835615794,0.0011255264769221862,0.05886084518094928,-678638.9197198983,-,22.91831180523295,22.91831180523295,24.810964083175797,2.0675803402646498
3,0.2,45,0.1,16.632,22.631999999999998,-0.008937741718349953,0.0002790772895402103,0.03122458651576836,-168270.32875302082,-,22.91831180523291,22.91831180523291,7.684310018903587,0.9605387523629484
3,0.2,45,0.25,16.632,22.631999999999998,-0.019030616489502692,0.0005735740468832932,0.03013954104953338,-345837.8630244869,-,22.91831180523293,22.91831180523293,16.392958412098295,2.0491198015122865
3,0.2,45,0.5,16.632,22.631999999999998,-0.02868272975342369,0.0007958674042366821,0.027747268515880504,-479870.18211105315,-,22.91831180523297,22.91831180523297,24.810964083175797,3.1013705103969746
3,0.2,60,0.1,16.632,22.631999999999998,-0.011916988957799936,4.833373380702626e-20,4.055867969516809e-18,-2.914294205368316e-11,-,0.0,0.0,7.684310018903587,1.280718336483931
3,0.2,60,0.25,16.632,22.631999999999998,-0.025374155319336924,9.933798391961767e-20,3.914927715600252e-18,-5.989607839231907e-11,-,0.0,0.0,16.392958412098295,2.732159735349715
3,0.2,60,0.5,16.632,22.631999999999998,-0.03824363967123159,1.3783723973183526e-19,3.604187282297872e-18,-8.31092980811791e-11,-,0.0,0.0,24.810964083175797,4.1351606805292995
3,0.2,90,0.1,16.632,22.631999999999998,-0.017875483436699906,0.0003946748878180884,0.022079116865045836,237970.18106750134,+,52.91831180523296,22.918311805232964,7.684310018903587,1.9210775047258968
3,0.2,90,0.25,16.632,22.631999999999998,-0.038061232979005384,0.0008111561961275746,0.021311873857975363,489088.5962713581,+,52.918311805232946,22.91831180523295,16.392958412098295,4.098239603024573
3,0.2,90,0.5,16.632,22.631999999999998,-0.05736545950684738,0.0011255264769221862,0.01962028172698309,678638.9197198983,+,52.91831180523292,22.91831180523291,24.810964083175797,6.202741020793949
3,0.5,10,0.1,22.980000000000004,28.980000000000004,-0.0014863601898118261,0.002480637391341255,1.6689342249238421,1495706.332986605,+,52.91831180523293,22.918311805232936,7.684310018903591,0.2134530560806553
3,0.5,10,0.25,22.980000000000004,28.980000000000004,-0.003038533276107109,0.005544668003149233,1.8247843611747177,3343171.023530551,+,52.91831180523293,22.918311805232936,16.392958412098302,0.4553599558916195
3,0.5,10,0.5,22.980000000000004,28.980000000000004,-0.004159989575546882,0.009230112963268543,2.218782714630993,5565319.00290272,+,52.91831180523293,22.918311805232936,24.810964083175808,0.6891934467548835
3,0.5,20,0.1,22.980000000000004,28.980000000000004,-0.0029727203796236523,0.004296589996958173,1.4453394360293392,2590639.361935333,+,52.91831180523293,22.918311805232936,7.684310018903591,0.4269061121613106
3,0.5,20,0.25,22.980000000000004,28.980000000000004,-0.006077066552214218,0.009603646692555944,1.5803096132058638,5790542.071146961,+,52.91831180523293,22.918311805232936,16.392958412098302,0.910719911783239
3,0.5,20,0.5,22.980000000000004,28.980000000000004,-0.008319979151093764,0.015987024611981246,1.921522196348239,9639415.273356076,+,52.91831180523293,22.918311805232936,24.810964083175808,1.378386893509767
3,0.5,30,0.1,22.980000000000004,28.980000000000004,-0.004459080569435479,0.00496127478268251,1.1126228166158947,2991412.66597321,+,52.91831180523293,22.918311805232936,7.684310018903591,0.6403591682419658
3,0.5,30,0.25,22.980000000000004,28.980000000000004,-0.009115599828321328,0.011089336006298465,1.2165229074498116,6686342.047061102,+,52.91831180523293,22.918311805232936,16.392958412098302,1.3660798676748582
3,0.5,30,0.5,22.980000000000004,28.980000000000004,-0.012479968726640644,0.018460225926537087,1.4791884764206622,11130638.00580544,+,52.91831180523293,22.918311805232936,24.810964083175808,2.06758034026465
3,0.5,45,0.1,22.980000000000004,28.980000000000004,-0.006688620854153218,0.003508151042164618,0.5244954256879838,2115248.1814369853,+,52.91831180523293,22.918311805232936,7.684310018903591,0.9605387523629488
3,0.5,45,0.25,22.980000000000004,28.980000000000004,-0.013673399742481992,0.007841344688909794,0.5734743982176912,4727957.802809648,+,52.91831180523293,22.918311805232936,16.392958412098302,2.049119801512288
3,0.5,45,0.5,22.980000000000004,28.980000000000004,-0.01871995308996097,0.013053350934890092,0.6972961348866985,7870549.612837738,+,52.91831180523293,22.918311805232936,24.810964083175808,3.1013705103969755
3,0.5,60,0.1,22.980000000000004,28.980000000000004,-0.008918161138870957,6.075809282302616e-19,6.81284985513484e-17,3.663423946312942e-10,+,0.0,29.999999999999996,7.684310018903591,1.2807183364839316
3,0.5,60,0.25,22.980000000000004,28.980000000000004,-0.018231199656642657,1.358051984478291e-18,7.449054423489218e-17,8.188407385937742e-10,+,0.0,29.999999999999996,16.392958412098302,2.7321597353497165
3,0.5,60,0.5,22.980000000000004,28.980000000000004,-0.02495993745328129,2.2607256592470625e-18,9.05741716492107e-17,1.3631100206277512e-09,+,0.0,29.999999999999996,24.810964083175808,4.1351606805293
3,0.5,90,0.1,22.980000000000004,28.980000000000004,-0.013377241708306436,0.00496127478268251,0.3708742722052982,-2991412.66597321,-,22.918311805232932,22.918311805232932,7.684310018903591,1.9210775047258977
3,0.5,90,0.25,22.980000000000004,28.980000000000004,-0.027346799484963984,0.011089336006298465,0.4055076358166039,-6686342.047061102,-,22.918311805232932,22.918311805232932,16.392958412098302,4.098239603024576
3,0.5,90,0.5,22.980000000000004,28.980000000000004,-0.03743990617992194,0.018460225926537087,0.49306282547355396,-11130638.00580544,-,22.918311805232932,22.918311805232932,24.810964083175808,6.202741020793951
3,0.8,10,0.1,29.328000000000003,35.328,-0.0005137020788712497,0.003373483995326029,6.5670047564116105,2034050.3588514868,+,52.91831180523293,22.918311805232936,7.684310018903591,0.2134530560806553
3,0.8,10,0.25,29.328000000000003,35.328,-0.00047288289825247917,0.008386502706113425,17.73484035287685,5056662.151803201,+,52.91831180523293,22.918311805232936,16.392958412098302,0.4553599558916195
3,0.8,10,0.5,29.328000000000003,35.328,0.0013505708985676271,0.01663939989656181,12.32027131208664,10032766.533817206,+,52.91831180523293,22.918311805232936,24.810964083175808,0.6891934467548835
3,0.8,20,0.1,29.328000000000003,35.328,-0.0010274041577424994,0.005843045678425132,5.687192945825695,3523078.5666844826,+,52.91831180523293,22.918311805232936,7.684310018903591,0.4269061121613106
3,0.8,20,0.25,29.328000000000003,35.328,-0.0009457657965049583,0.014525848784802333,15.358822277652731,8758395.763633711,+,52.91831180523293,22.918311805232936,16.392958412098302,0.910719911783239
3,0.8,20,0.5,29.328000000000003,35.328,0.0027011417971352543,0.028820286028301376,10.669667937783666,17377261.377048098,+,52.91831180523293,22.918311805232936,24.810964083175808,1.378386893509767
3,0.8,30,0.1,29.328000000000003,35.328,-0.0015411062366137481,0.006746967990652058,4.378003170941077,4068100.7177029736,+,52.91831180523293,22.918311805232936,7.684310018903591,0.6403591682419658
3,0.8,30,0.25,29.328000000000003,35.328,-0.0014186486947574376,0.01677300541222685,11.8232269019179,10113324.303606402,+,52.91831180523293,22.918311805232936,16.392958412098302,1.3660798676748582
3,0.8,30,0.5,29.328000000000003,35.328,0.00405171269570288,0.03327879979312362,8.213514208057763,20065533.06763441,+,52.91831180523293,22.918311805232936,24.810964083175808,2.06758034026465
3,0.8,45,0.1,29.328000000000003,35.328,-0.0023116593549206235,0.004770826818638646,2.0638104868190945,2876581.604037634,+,52.91831180523293,22.918311805232936,7.684310018903591,0.9605387523629488
3,0.8,45,0.25,29.328000000000003,35.328,-0.0021279730421361587,0.01186030586786427,5.573522611902236,7151200.195418806,+,52.91831180523293,22.918311805232936,16.392958412098302,2.049119801512288
3,0.8,45,0.5,29.328000000000003,35.328,0.0060775690435543135,0.023531665003467192,3.871887729259804,14188474.500247203,+,52.91831180523293,22.918311805232936,24.810964083175808,3.1013705103969755
3,0.8,60,0.1,29.328000000000003,35.328,-0.0030822124732274962,8.262652753701691e-19,2.6807537849749756e-16,4.981986522543997e-10,+,0.0,29.999999999999996,7.684310018903591,1.2807183364839316
3,0.8,60,0.25,29.328000000000003,35.328,-0.002837297389514875,2.054100739016484e-18,7.239638490513315e-16,1.2385250237150714e-09,+,53.011272448151175,23.01127244815117,16.392958412098302,2.7321597353497165
3,0.8,60,0.5,29.328000000000003,35.328,0.00810342539140576,4.075477564611444e-18,5.029326942324624e-16,2.4573190844463853e-09,+,53.049221902825636,23.04922190282564,24.810964083175808,4.1351606805293
3,0.8,90,0.1,29.328000000000003,35.328,-0.004623318709841247,0.006746967990652058,1.4593343903136913,-4068100.7177029736,-,22.918311805232932,22.918311805232932,7.684310018903591,1.9210775047258977
3,0.8,90,0.25,29.328000000000003,35.328,-0.0042559460842723175,0.01677300541222685,3.9410756339726287,-10113324.303606402,-,22.918311805232932,22.918311805232932,16.392958412098302,4.098239603024576
3,0.8,90,0.5,29.328000000000003,35.328,0.012155138087108627,0.03327879979312362,2.7378380693525903,-20065533.06763441,-,22.918311805232925,22.918311805232925,24.810964083175808,6.202741020793951
4,0.2,10,0.1,16.632,22.631999999999998,-0.0010706100672924295,0.0004582852025293298,0.42805986654724076,624711.4279128338,+,0.4183118052329305,22.918311805232932,7.684310018903587,0.21345305608065518
4,0.2,10,0.25,16.632,22.631999999999998,-0.0022767102271098382,0.000990965479299077,0.4352620142428291,1350834.4938229432,+,0.4183118052329305,22.918311805232932,16.392958412098295,0.4553599558916192
4,0.2,10,0.5,16.632,22.631999999999998,-0.003421868734065235,0.0015439662594729248,0.4512055778477125,2104657.451912466,+,0.4183118052329305,22.918311805232932,24.810964083175797,0.6891934467548833
4,0.2,20,0.1,16.632,22.631999999999998,-0.002141220134584859,0.0007021336655224971,0.32791288209076513,957113.4358110968,+,0.4183118052329305,22.918311805232932,7.684310018903587,0.42690611216131036
4,0.2,20,0.25,16.632,22.631999999999998,-0.0045534204542196765,0.0015182471974795858,0.3334300473114928,2069598.5151330065,+,0.4183118052329305,22.918311805232932,16.392958412098295,0.9107199117832384
4,0.2,20,0.5,16.632,22.631999999999998,-0.00684373746813047,0.0023654935468648565,0.3456435256145276,3224522.2914129845,+,0.4183118052329305,22.918311805232932,24.810964083175797,1.3783868935097665
4,0.2,30,0.1,16.632,22.631999999999998,-0.003211830201877288,0.0006174459830712062,0.19224116602126545,841671.4299623729,+,0.4183118052329305,22.918311805232932,7.684310018903587,0.6403591682419655
4,0.2,30,0.25,16.632,22.631999999999998,-0.006830130681329515,0.0013351241785213195,0.19547564180154628,1819974.3901869124,+,0.4183118052329305,22.918311805232932,16.392958412098295,1.3660798676748576
4,0.2,30,0.5,16.632,22.631999999999998,-0.010265606202195706,0.0020801801141463257,0.20263587684684387,2835597.314187916,+,0.4183118052329305,22.918311805232932,24.810964083175797,2.0675803402646498
4,0.2,45,0.1,16.632,22.631999999999998,-0.004817745302815932,8.731305611939727e-20,1.812321960406739e-17,1.1902078370137033e-10,+,0.0,22.5,7.684310018903587,0.9605387523629484
4,0.2,45,0.25,16.632,22.631999999999998,-0.010245196021994274,1.887999525816858e-19,1.8428144486095937e-17,2.573626364460935e-10,+,0.0,22.5,16.392958412098295,2.0491198015122865
4,0.2,45,0.5,16.632,22.631999999999998,-0.01539840930329356,2.941583361535391e-19,1.9103163863206423e-17,4.009819064563405e-10,+,0.0,22.5,24.810964083175797,3.1013705103969746
4,0.2,60,0.1,16.632,22.631999999999998,-0.006423660403754576,0.0006174459830712061,0.09612058301063271,-841671.4299623726,-,22.918311805232932,22.918311805232932,7.684310018903587,1.280718336483931
4,0.2,60,0.25,16.632,22.631999999999998,-0.01366026136265903,0.0013351241785213186,0.09773782090077308,-1819974.3901869114,-,22.918311805232932,22.918311805232932,16.392958412098295,2.732159735349715
4,0.2,60,0.5,16.632,22.631999999999998,-0.020531212404391413,0.0020801801141463253,0.1013179384234219,-2835597.314187915,-,22.918311805232932,22.918311805232932,24.810964083175797,4.1351606805292995
4,0.2,90,0.1,16.632,22.631999999999998,-0.009635490605631864,1.7462611223879454e-19,1.812321960406739e-17,-2.3804156740274066e-10,-,0.0,0.0,7.684310018903587,1.9210775047258968
4,0.2,90,0.25,16.632,22.631999999999998,-0.02049039204398855,3.775999051633716e-19,1.8428144486095937e-17,-5.14725272892187e-10,-,0.0,0.0,16.392958412098295,4.098239603024573
4,0.2,90,0.5,16.632,22.631999999999998,-0.03079681860658712,5.883166723070782e-19,1.9103163863206423e-17,-8.01963812912681e-10,-,0.0,0.0,24.810964083175797,6.202741020793949
4,0.5,10,0.1,22.980000000000004,28.980000000000004,-0.0015870058600843148,0.0011683143995610745,0.7361752271658304,1592587.6567097178,+,0.4183118052329305,22.918311805232932,7.684310018903591,0.2134530560806553
4,0.5,10,0.25,22.980000000000004,28.980000000000004,-0.003262479842234354,0.002719021002943865,0.8334215487693883,3706433.2077476108,+,0.4183118052329305,22.918311805232932,16.392958412098302,0.4553599558916195
4,0.5,10,0.5,22.980000000000004,28.980000000000004,-0.00452957815245993,0.0048670089984571025,1.074494982676018,6634462.8286272455,+,0.4183118052329305,22.918311805232932,24.810964083175808,0.6891934467548835
4,0.5,20,0.1,22.980000000000004,28.980000000000004,-0.0031740117201686296,0.0017899615071992928,0.5639429419322356,2439985.849204708,+,0.4183118052329305,22.918311805232932,7.684310018903591,0.4269061121613106
4,0.5,20,0.25,22.980000000000004,28.980000000000004,-0.006524959684468708,0.004165781860057877,0.6384379462104024,5678585.125173412,+,0.4183118052329305,22.918311805232932,16.392958412098302,0.910719911783239
4,0.5,20,0.5,22.980000000000004,28.980000000000004,-0.00905915630491986,0.0074566903957562535,0.8231109106381863,10164586.765898637,+,0.4183118052329305,22.918311805232932,24.810964083175808,1.378386893509767
4,0.5,30,0.1,22.980000000000004,28.980000000000004,-0.004761017580252943,0.0015740657324127033,0.33061540014920016,2145687.5454346966,+,0.4183118052329305,22.918311805232932,7.684310018903591,0.6403591682419658
4,0.5,30,0.25,22.980000000000004,28.980000000000004,-0.009787439526703062,0.0036633270873424884,0.3742886050378995,4993663.952086747,+,0.4183118052329305,22.918311805232932,16.392958412098302,1.3660798676748582
4,0.5,30,0.5,22.980000000000004,28.980000000000004,-0.013588734457379788,0.00655730348499836,0.4825543913279732,8938587.588607466,+,0.4183118052329305,22.918311805232932,24.810964083175808,2.06758034026465
4,0.5,45,0.1,22.980000000000004,28.980000000000004,-0.007141526370379415,2.225886853229731e-19,3.116822283905498e-17,3.0342174409712837e-10,+,0.0,22.5,7.684310018903591,0.9605387523629488
4,0.5,45,0.25,22.980000000000004,28.980000000000004,-0.014681159290054594,5.18031200024757e-19,3.528544236800734e-17,7.061541784128484e-10,+,0.0,22.5,16.392958412098302,2.049119801512288
4,0.5,45,0.5,22.980000000000004,28.980000000000004,-0.020383101686069684,9.272684945325064e-19,4.549202122492597e-17,1.2640059554201136e-09,+,0.0,22.5,24.810964083175808,3.1013705103969755
4,0.5,60,0.1,22.980000000000004,28.980000000000004,-0.009522035160505886,0.0015740657324127031,0.16530770007460005,-2145687.545434696,-,22.918311805232932,22.918311805232932,7.684310018903591,1.2807183364839316
4,0.5,60,0.25,22.980000000000004,28.980000000000004,-0.019574879053406123,0.003663327087342487,0.1871443025189497,-4993663.952086745,-,22.918311805232932,22.918311805232932,16.392958412098302,2.7321597353497165
4,0.5,60,0.5,22.980000000000004,28.980000000000004,-0.027177468914759577,0.006557303484998356,0.24127719566398645,-8938587.588607462,-,22.918311805232932,22.918311805232932,24.810964083175808,4.1351606805293
4,0.5,90,0.1,22.980000000000004,28.980000000000004,-0.01428305274075883,4.451773706459462e-19,3.116822283905498e-17,-6.068434881942567e-10,-,0.0,0.0,7.684310018903591,1.9210775047258977
4,0.5,90,0.25,22.980000000000004,28.980000000000004,-0.029362318580109188,1.036062400049514e-18,3.528544236800734e-17,-1.4123083568256969e-09,-,0.0,0.0,16.392958412098302,4.098239603024576
4,0.5,90,0.5,22.980000000000004,28.980000000000004,-0.04076620337213937,1.854536989065013e-18,4.549202122492597e-17,-2.528011910840227e-09,-,0.0,0.0,24.810964083175808,6.202741020793951
4,0.8,10,0.1,29.328000000000003,35.328,-0.0014713678109549663,0.0013997807695639432,0.9513466035765994,1908111.015788802,+,0.4183118052329305,22.918311805232932,7.684310018903591,0.2134530560806553
4,0.8,10,0.25,29.328000000000003,35.328,-0.0025148348875805716,0.004135290991620062,1.6443588452037383,5637021.500917247,+,0.4183118052329305,22.918311805232932,16.392958412098302,0.4553599558916195
4,0.8,10,0.5,29.328000000000003,35.328,-0.0017365057002361043,0.01007012651449542,5.799074839274201,13727091.949321032,+,0.4183118052329305,22.918311805232932,24.810964083175808,0.6891934467548835
4,0.8,20,0.1,29.328000000000003,35.328,-0.0029427356219099325,0.0021445885602185315,0.7287737791499675,2923395.6809982415,+,0.4183118052329305,22.918311805232932,7.684310018903591,0.4269061121613106
4,0.8,20,0.25,29.328000000000003,35.328,-0.005029669775161143,0.006335633369621034,1.2596519558618635,8636417.993039716,+,0.4183118052329305,22.918311805232932,16.392958412098302,0.910719911783239
4,0.8,20,0.5,29.328000000000003,35.328,-0.0034730114004722086,0.015428328915868598,4.442349055857082,21031125.015921272,+,0.4183118052329305,22.918311805232932,24.810964083175808,1.378386893509767
4,0.8,30,0.1,29.328000000000003,35.328,-0.0044141034328648975,0.0018859195290999286,0.4272486038860003,2570791.017144645,+,0.4183118052329305,22.918311805232932,7.684310018903591,0.6403591682419658
4,0.8,30,0.25,29.328000000000003,35.328,-0.007544504662741715,0.005571462481254657,0.7384795596679976,7594738.523124417,+,0.4183118052329305,22.918311805232932,16.392958412098302,1.3660798676748582
4,0.8,30,0.5,29.328000000000003,35.328,-0.005209517100708317,0.013567444750730556,2.6043574650874732,18494460.95265301,+,0.4183118052329305,22.918311805232932,24.810964083175808,2.06758034026465
4,0.8,45,0.1,29.328000000000003,35.328,-0.006621155149297347,2.666879406388161e-19,4.0278159116558034e-17,3.635356395626704e-10,+,0.0,22.5,7.684310018903591,0.9605387523629488
4,0.8,45,0.25,29.328000000000003,35.328,-0.011316756994112574,7.878606868138026e-19,6.96189453589645e-17,1.0739722162954567e-09,+,0.0,22.5,16.392958412098302,2.049119801512288
4,0.8,45,0.5,29.328000000000003,35.328,-0.00781427565106247,1.918572794052406e-18,2.4552151468979043e-16,2.6153023119931248e-09,+,0.0,22.5,24.810964083175808,3.1013705103969755
4,0.8,60,0.1,29.328000000000003,35.328,-0.008828206865729795,0.0018859195290999275,0.213624301943,-2570791.0171446437,-,22.918311805232932,22.918311805232932,7.684310018903591,1.2807183364839316
4,0.8,60,0.25,29.328000000000003,35.328,-0.01508900932548343,0.005571462481254655,0.3692397798339987,-7594738.5231244145,-,22.918311805232932,22.918311805232932,16.392958412098302,2.7321597353497165
4,0.8,60,0.5,29.328000000000003,35.328,-0.010419034201416634,0.01356744475073055,1.3021787325437362,-18494460.952653002,-,22.918311805232932,22.918311805232932,24.810964083175808,4.1351606805293
4,0.8,90,0.1,29.328000000000003,35.328,-0.013242310298594694,5.333758812776322e-19,4.0278159116558034e-17,-7.270712791253408e-10,-,0.0,0.0,7.684310018903591,1.9210775047258977
4,0.8,90,0.25,29.328000000000003,35.328,-0.02263351398822515,1.5757213736276052e-18,6.96189453589645e-17,-2.1479444325909133e-09,-,0.0,0.0,16.392958412098302,4.098239603024576
4,0.8,90,0.5,29.328000000000003,35.328,-0.01562855130212494,3.837145588104812e-18,2.4552151468979043e-16,-5.2306046239862496e-09,-,22.5,22.5,24.810964083175808,6.202741020793951
