arm,h_over_L,a_bar,coupling,shear_flex,convention,c_MM,c_QQ,c_MQ,ratio_f1,ratio_f2,ratio_f3
modeI,0.03333333333333333,0.1,0.0,False,tada,0.0032988563307898414,0.0,0.0,0.9963019513064717,0.9999673289421411,0.9989123025387577
modeI,0.03333333333333333,0.2,0.0,False,tada,0.012662071742748842,0.0,0.0,0.986025676611499,0.9998777349956119,0.9958996614220015
modeI,0.03333333333333333,0.3,0.0,False,tada,0.029223048510561348,0.0,0.0,0.9686003244896091,0.9997271774040933,0.9908276069776009
modeI,0.03333333333333333,0.4,0.0,False,tada,0.05696787774527589,0.0,0.0,0.941365095699116,0.9994963380545837,0.9830055293627661
modeI,0.03333333333333333,0.5,0.0,False,tada,0.1050425732435285,0.0,0.0,0.8991527737845385,0.9991493595002469,0.9711828329023336
modeI,0.03333333333333333,0.6,0.0,False,tada,0.1956563859746121,0.0,0.0,0.8329395052090791,0.9986322950719887,0.9535256546494254
modeI+II_c0,0.03333333333333333,0.1,0.0,True,tada,0.0032988563307898414,1.0269260828243896e-10,0.0,0.9963018205461613,0.9999630645111895,0.9989071391063656
modeI+II_c0,0.03333333333333333,0.2,0.0,True,tada,0.012662071742748842,4.141045726477385e-10,0.0,0.9860238996467836,0.9998598366172947,0.9958784496960141
modeI+II_c0,0.03333333333333333,0.3,0.0,True,tada,0.029223048510561348,9.469075493560902e-10,0.0,0.9685965627012646,0.9996864433038827,0.9907791406354863
modeI+II_c0,0.03333333333333333,0.4,0.0,True,tada,0.05696787774527589,1.7299052947785546e-09,0.0,0.9413587276629292,0.9994222632872641,0.9829170324247631
modeI+II_c0,0.03333333333333333,0.5,0.0,True,tada,0.1050425732435285,2.820725548847446e-09,0.0,0.8991437397168824,0.9990294626345578,0.9710388641723083
modeI+II_c0,0.03333333333333333,0.6,0.0,True,tada,0.1956563859746121,4.3325271535183115e-09,0.0,0.8329284661096112,0.9984501452917365,0.9533058411677026
modeI+II_c0.5,0.03333333333333333,0.1,0.5,True,tada,0.0032988563307898414,1.0269260828243896e-10,2.910189688653667e-07,0.9962612423952802,0.9999511029831196,0.9989825173153781
modeI+II_c0.5,0.03333333333333333,0.2,0.5,True,tada,0.012662071742748842,4.141045726477385e-10,1.144925959163519e-06,0.9858692197014105,0.9998138436205719,0.9961698490374346
modeI+II_c0.5,0.03333333333333333,0.3,0.5,True,tada,0.029223048510561348,9.469075493560902e-10,2.630186554688174e-06,0.9682597608838661,0.9995848684603311,0.9914282890204213
modeI+II_c0.5,0.03333333333333333,0.4,0.5,True,tada,0.05696787774527589,1.7299052947785546e-09,4.963593288733731e-06,0.9407753496579067,0.9992422534358327,0.9840815762346293
modeI+II_c0.5,0.03333333333333333,0.5,0.5,True,tada,0.1050425732435285,2.820725548847446e-09,8.606629277259187e-06,0.8982624905595858,0.9987472403260087,0.9728941609684406
modeI+II_c0.5,0.03333333333333333,0.6,0.5,True,tada,0.1956563859746121,4.3325271535183115e-09,1.4557529022762296e-05,0.8317438959079001,0.9980463578506159,0.9560130616947761
modeI+II_c0.9,0.03333333333333333,0.1,0.9,True,tada,0.0032988563307898414,1.0269260828243896e-10,5.2383414395766e-07,0.9962287917092522,0.9999415466369979,0.9990428345221855
modeI+II_c0.9,0.03333333333333333,0.2,0.9,True,tada,0.012662071742748842,4.141045726477385e-10,2.060866726494334e-06,0.9857454993002487,0.9997772360071706,0.9964031929025343
modeI+II_c0.9,0.03333333333333333,0.3,0.9,True,tada,0.029223048510561348,9.469075493560902e-10,4.734335798438713e-06,0.9679905070788961,0.9995045511947366,0.9919487766782462
modeI+II_c0.9,0.03333333333333333,0.4,0.9,True,tada,0.05696787774527589,1.7299052947785546e-09,8.934467919720716e-06,0.9403093417174755,0.9991013902577083,0.985017262521514
modeI+II_c0.9,0.03333333333333333,0.5,0.9,True,tada,0.1050425732435285,2.820725548847446e-09,1.5491932699066538e-05,0.8975591396447469,0.9985299733148132,0.9743898942842064
modeI+II_c0.9,0.03333333333333333,0.6,0.9,True,tada,0.1956563859746121,4.3325271535183115e-09,2.6203552240972135e-05,0.8307994828058313,0.9977438266959734,0.9582078730870339
modeI,0.1,0.1,0.0,False,tada,0.00012217986410332748,0.0,0.0,0.9891423050136926,0.9999420152573746,0.9969515154604834
modeI,0.1,0.2,0.0,False,tada,0.00046896562010180894,0.0,0.0,0.9601459938839498,0.9997896291946718,0.9888974245956739
modeI,0.1,0.3,0.0,False,tada,0.0010823351300207906,0.0,0.0,0.9145446381829597,0.9995573791124438,0.9765393340467068
modeI,0.1,0.4,0.0,False,tada,0.002109921397973181,0.0,0.0,0.8508155854937388,0.9992484095629239,0.9600469797821001
modeI,0.1,0.5,0.0,False,tada,0.003890465675686241,0.0,0.0,0.7661664332361825,0.9988672647108819,0.9398216519505352
modeI,0.1,0.6,0.0,False,tada,0.0072465328138745224,0.0,0.0,0.6578191572990105,0.9984304825143981,0.9170952656500131
modeI+II_c0,0.1,0.1,0.0,True,tada,0.00012217986410332748,3.4230869427479656e-11,0.0,0.989130651120629,0.9998327092371967,0.9968464282085929
modeI+II_c0,0.1,0.2,0.0,True,tada,0.00046896562010180894,1.3803485754924616e-10,0.0,0.9601030171094522,0.9993507687854374,0.9884734626481961
modeI+II_c0,0.1,0.3,0.0,True,tada,0.0010823351300207906,3.1563584978536346e-10,0.0,0.9144597189665914,0.9985605369477695,0.9755706424358159
modeI+II_c0,0.1,0.4,0.0,True,tada,0.002109921397973181,5.766350982595183e-10,0.0,0.8506906882127323,0.9974434470773297,0.9582835389638059
modeI+II_c0,0.1,0.5,0.0,True,tada,0.003890465675686241,9.402418496158156e-10,0.0,0.7660177595167922,0.9959564965960718,0.9369682661350031
modeI+II_c0,0.1,0.6,0.0,True,tada,0.0072465328138745224,1.4441757178394374e-09,0.0,0.6576746750787604,0.9940163644443994,0.9127664272284222
modeI,0.2,0.1,0.0,False,tada,1.5272483012915935e-05,0.0,0.0,0.9793297432826251,0.999995258935518,0.9948074329713853
modeI,0.2,0.2,0.0,False,tada,5.862070251272612e-05,0.0,0.0,0.9269645150925044,0.9999835821519937,0.9819294568704489
modeI,0.2,0.3,0.0,False,tada,0.00013529189125259882,0.0,0.0,0.8518230783098596,0.9999676872143906,0.9643294446082372
modeI,0.2,0.4,0.0,False,tada,0.00026374017474664765,0.0,0.0,0.7586341450481182,0.9999494493036494,0.944288694032574
modeI,0.2,0.5,0.0,False,tada,0.0004863082094607801,0.0,0.0,0.650864282537757,0.9999304838291784,0.9239484918642876
modeI,0.2,0.6,0.0,False,tada,0.0009058166017343153,0.0,0.0,0.5318419893559443,0.9999122532468615,0.905249192633179
modeI+II_c0,0.2,0.1,0.0,True,tada,1.5272483012915935e-05,1.7115434713739828e-11,0.0,0.9792434416812315,0.9993147836973525,0.9943921241495932
modeI+II_c0,0.2,0.2,0.0,True,tada,5.862070251272612e-05,6.901742877462308e-11,0.0,0.9266697462143241,0.9972492512739672,0.9802479781401198
modeI+II_c0,0.2,0.3,0.0,True,tada,0.00013529189125259882,1.5781792489268173e-10,0.0,0.8513009029449967,0.9937477953556766,0.9604779327971124
modeI+II_c0,0.2,0.4,0.0,True,tada,0.00026374017474664765,2.8831754912975914e-10,0.0,0.757961584031547,0.9886601784104849,0.9372754670038094
modeI+II_c0,0.2,0.5,0.0,True,tada,0.0004863082094607801,4.701209248079078e-10,0.0,0.6501731541526218,0.9816627481788559,0.9126242354307554
modeI+II_c0,0.2,0.6,0.0,True,tada,0.0009058166017343153,7.220878589197187e-10,0.0,0.5312639095166423,0.9721046971980598,0.8881552931054418
modeI,0.03333333333333333,0.1,0.0,False,dimarogonas,0.0026599725490991507,0.0,0.0,0.9970151038164249,0.9999737157276406,0.9991219244849657
modeI,0.03333333333333333,0.2,0.0,False,dimarogonas,0.010113064725201577,0.0,0.0,0.9887918461715344,0.9999018040485417,0.996709124004317
modeI,0.03333333333333333,0.3,0.0,False,dimarogonas,0.023311236927897324,0.0,0.0,0.9747144532626946,0.9997797354688092,0.9926017233006676
modeI,0.03333333333333333,0.4,0.0,False,dimarogonas,0.045235238860131505,0.0,0.0,0.9525996543760593,0.9995909007998256,0.9862154033676077
modeI,0.03333333333333333,0.5,0.0,False,dimarogonas,0.08282616834520723,0.0,0.0,0.9179419143810408,0.999302160267836,0.9763962468505608
modeI,0.03333333333333333,0.6,0.0,False,dimarogonas,0.1537228728920286,0.0,0.0,0.8617068532647355,0.9988528014942084,0.9610523752215387
modeI+II_c0,0.03333333333333333,0.1,0.0,True,dimarogonas,0.0026599725490991507,8.280430901981034e-11,0.0,0.997014826941445,0.9999701813470091,0.9991177108911713
modeI+II_c0,0.03333333333333333,0.2,0.0,True,dimarogonas,0.010113064725201577,3.3074100599586106e-10,0.0,0.9887904759054055,0.9998875240696187,0.9966921950064893
modeI+II_c0,0.03333333333333333,0.3,0.0,True,dimarogonas,0.023311236927897324,7.553485127972514e-10,0.0,0.9747113670043865,0.9997472158371556,0.9925630655044213
modeI+II_c0,0.03333333333333333,0.4,0.0,True,dimarogonas,0.045235238860131505,1.3736281271457983e-09,0.0,0.9525944179919889,0.9995319705591016,0.9861451114770791
modeI+II_c0,0.03333333333333333,0.5,0.0,True,dimarogonas,0.08282616834520723,2.224144762931721e-09,0.0,0.9179343064869927,0.9992073160475075,0.9762825922958198
modeI+II_c0,0.03333333333333333,0.6,0.0,True,dimarogonas,0.1537228728920286,3.4039702696337115e-09,0.0,0.8616972450553189,0.9987090177547239,0.9608791683679127
modeI+II_c0.5,0.03333333333333333,0.1,0.5,True,dimarogonas,0.0026599725490991507,8.280430901981034e-11,2.3465783011643715e-07,0.9969820562596213,0.9999605214124643,0.9991785637865945
modeI+II_c0.5,0.03333333333333333,0.2,0.5,True,dimarogonas,0.010113064725201577,3.3074100599586106e-10,9.144404301148361e-07,0.9886658600948426,0.9998505624835858,0.9969260439224094
modeI+II_c0.5,0.03333333333333333,0.3,0.5,True,dimarogonas,0.023311236927897324,7.553485127972514e-10,2.0981008165095173e-06,0.9744375609061764,0.9996650526144149,0.9930865836294724
modeI+II_c0.5,0.03333333333333333,0.4,0.5,True,dimarogonas,0.045235238860131505,1.3736281271457983e-09,3.941332149046667e-06,0.9521143709019279,0.9993852270542711,0.9870896760441296
modeI+II_c0.5,0.03333333333333333,0.5,0.5,True,dimarogonas,0.08282616834520723,2.224144762931721e-09,6.786335324729646e-06,0.9171948798742545,0.9989743355454639,0.9778029630396979
modeI+II_c0.5,0.03333333333333333,0.6,0.5,True,dimarogonas,0.1537228728920286,3.4039702696337115e-09,1.1437526929882474e-05,0.8606665215562566,0.9983668640104555,0.9631516535941997
modeI+II_c0.9,0.03333333333333333,0.1,0.9,True,dimarogonas,0.0026599725490991507,8.280430901981034e-11,4.223840942095869e-07,0.9969558435058521,0.9999528017349991,0.9992272555389478
modeI+II_c0.9,0.03333333333333333,0.2,0.9,True,dimarogonas,0.010113064725201577,3.3074100599586106e-10,1.6459927742067049e-06,0.9885662200431594,0.9998211119935556,0.9971132664048032
modeI+II_c0.9,0.03333333333333333,0.3,0.9,True,dimarogonas,0.023311236927897324,7.553485127972514e-10,3.776581469717131e-06,0.9742186705351528,0.9995999315959183,0.9935061456889426
modeI+II_c0.9,0.03333333333333333,0.4,0.9,True,dimarogonas,0.045235238860131505,1.3736281271457983e-09,7.0943978682840005e-06,0.9517307912302414,0.9992698699246201,0.9878479134970304
modeI+II_c0.9,0.03333333333333333,0.5,0.9,True,dimarogonas,0.08282616834520723,2.224144762931721e-09,1.2215403584513364e-05,0.916604453248814,0.9987934987792468,0.9790266099796804
modeI+II_c0.9,0.03333333333333333,0.6,0.9,True,dimarogonas,0.1537228728920286,3.4039702696337115e-09,2.0587548473788455e-05,0.8598443655114043,0.9981068010925933,0.9649886500753689
modeI,0.1,0.1,0.0,False,dimarogonas,9.851750181848708e-05,0.0,0.0,0.9912175687288783,0.9999530586046509,0.9975329152297714
modeI,0.1,0.2,0.0,False,dimarogonas,0.00037455795278524363,0.0,0.0,0.9677870748570663,0.9998294341967474,0.9910065458327437
modeI,0.1,0.3,0.0,False,dimarogonas,0.0008633791454776787,0.0,0.0,0.9300700194412168,0.9996354223858638,0.980699850556765
modeI,0.1,0.4,0.0,False,dimarogonas,0.0016753792170419075,0.0,0.0,0.8761005724031924,0.9993687805726534,0.9664710124640933
modeI,0.1,0.5,0.0,False,dimarogonas,0.003067635864637305,0.0,0.0,0.8020114485596351,0.9990244993315553,0.9481347365830555
modeI,0.1,0.6,0.0,False,dimarogonas,0.0056934397367418,0.0,0.0,0.7018930085735091,0.9986010598887379,0.9258949360903468
modeI+II_c0,0.1,0.1,0.0,True,dimarogonas,9.851750181848708e-05,2.7601436339936786e-11,0.0,0.9912081129817821,0.9998648950030014,0.9974481863252403
modeI+II_c0,0.1,0.2,0.0,True,dimarogonas,0.00037455795278524363,1.1024700199862037e-10,0.0,0.9677519230488442,0.9994785227684609,0.9906679483927241
modeI+II_c0,0.1,0.3,0.0,True,dimarogonas,0.0008633791454776787,2.517828375990839e-10,0.0,0.9299987675590735,0.998838447440771,0.9799267656968178
modeI+II_c0,0.1,0.4,0.0,True,dimarogonas,0.0016753792170419075,4.5787604238193276e-10,0.0,0.8759922836261387,0.9979305024055758,0.965068286534488
modeI+II_c0,0.1,0.5,0.0,True,dimarogonas,0.003067635864637305,7.413815876439072e-10,0.0,0.8018769644590941,0.9967185913113492,0.9458763170496206
modeI+II_c0,0.1,0.6,0.0,True,dimarogonas,0.0056934397367418,1.1346567565445706e-09,0.0,0.7017550916314149,0.9951147551528636,0.922474259308152
modeI,0.2,0.1,0.0,False,dimarogonas,1.2314687727310885e-05,0.0,0.0,0.9832332493827072,0.9999961492642653,0.9957838405727752
modeI,0.2,0.2,0.0,False,dimarogonas,4.6819744098155454e-05,0.0,0.0,0.9403857826001794,0.9999865288879766,0.9851878482118955
modeI,0.2,0.3,0.0,False,dimarogonas,0.00010792239318470983,0.0,0.0,0.8765111724105473,0.9999727951272381,0.9699829596186407
modeI,0.2,0.4,0.0,False,dimarogonas,0.00020942240213023844,0.0,0.0,0.7941651642120693,0.999956205892598,0.9516755050397623
modeI,0.2,0.5,0.0,False,dimarogonas,0.0003834544830796631,0.0,0.0,0.6946075581362742,0.9999379015329413,0.9318207512601286
modeI,0.2,0.6,0.0,False,dimarogonas,0.000711679967092725,0.0,0.0,0.5781536104592337,0.9999190090029291,0.9120501679384905
modeI+II_c0,0.2,0.1,0.0,True,dimarogonas,1.2314687727310885e-05,1.3800718169968393e-11,0.0,0.9831628195036346,0.9994473231874029,0.9954491014076529
modeI+II_c0,0.2,0.2,0.0,True,dimarogonas,4.6819744098155454e-05,5.512350099931019e-11,0.0,0.9401399044408766,0.9978006665195358,0.9838459472444517
modeI+II_c0,0.2,0.3,0.0,True,dimarogonas,0.00010792239318470983,1.2589141879954194e-10,0.0,0.8760571087703528,0.9950024206172744,0.9669107042771325
modeI+II_c0,0.2,0.4,0.0,True,dimarogonas,0.00020942240213023844,2.2893802119096638e-10,0.0,0.7935520554158202,0.9909673322778361,0.9460941625114725
modeI+II_c0,0.2,0.5,0.0,True,dimarogonas,0.0003834544830796631,3.706907938219536e-10,0.0,0.6939446213790101,0.985477988308116,0.9228388347057398
modeI+II_c0,0.2,0.6,0.0,True,dimarogonas,0.000711679967092725,5.673283782722853e-10,0.0,0.5775697022136392,0.9779570343165703,0.8984758765857842
