component,navmi,b_over_h,beta,f_wet_over_f_dry,drop_pct,note
vane,0.5,2.0,0.09817477042468103,0.9542546150912462,4.57453849087538,strip theory + NAVMI; E1 measurement pending
vane,0.5,4.0,0.19634954084936207,0.9142626043216977,8.57373956783023,strip theory + NAVMI; E1 measurement pending
vane,0.5,8.0,0.39269908169872414,0.8473666266006313,15.263337339936866,strip theory + NAVMI; E1 measurement pending
vane,0.65,2.0,0.12762720155208535,0.9417100995794105,5.828990042058946,strip theory + NAVMI; E1 measurement pending
vane,0.65,4.0,0.2552544031041707,0.8925532244765118,10.744677552348826,strip theory + NAVMI; E1 measurement pending
vane,0.65,8.0,0.5105088062083414,0.8136513872450764,18.634861275492366,strip theory + NAVMI; E1 measurement pending
vane,0.8,2.0,0.15707963267948966,0.9296476492931969,7.035235070680312,strip theory + NAVMI; E1 measurement pending
vane,0.8,4.0,0.3141592653589793,0.8723203404651938,12.76796595348062,strip theory + NAVMI; E1 measurement pending
vane,0.8,8.0,0.6283185307179586,0.7836647592593166,21.633524074068344,strip theory + NAVMI; E1 measurement pending
