xi_c,half_xi,depth_frac,r1_mm,r2_mm,s_bar_pct,m,n,matched,purity,mac,ndof,nr,ntheta,nz,shape_exact,eta_lin,eta_kirchhoff_exact,eta_3d,e_lin_abs,e_lin_rel,e_modelform_abs,e_modelform_rel,e_total_abs,e_total_rel,delta_modelform,kappa_modelform,ritz_n_trial,ritz_abs_change,ritz_ntrial_rel_change,e_pert_a2_gaussian_rel
0.2,0.1,0.25,17.516000000000002,21.748000000000005,11.562500000000009,0,0,True,0.9999999995425192,0.9996418505044612,99648,20,48,4,True,-0.2126406525583216,-0.3062065979065906,-0.3359425482981095,0.093565945348269,0.3055647591787412,0.0297359503915188,0.0885149872862538,0.1233018957397879,0.3670326856911616,-0.0297359503915188,1.0971107435137304,36,2.7868545833031888e-05,9.101223168787916e-05,0.0965791371857781
0.2,0.1,0.25,17.516000000000002,21.748000000000005,11.562500000000009,1,0,True,0.9999999998062508,0.9995052495564564,99648,20,48,4,True,-0.2102564778978815,-0.2985062542128318,-0.3360215198491456,0.0882497763149502,0.2956379475119107,0.0375152656363138,0.1116454257249833,0.125765041951264,0.3742767487264665,-0.0375152656363138,1.1256766486693637,36,1.6893791719208018e-05,5.6594431375507865e-05,0.0925298031114677
0.2,0.1,0.25,17.516000000000002,21.748000000000005,11.562500000000009,2,0,True,0.999999999931132,0.9995359630973106,99648,20,48,4,True,-0.173548830340633,-0.23633174981833,-0.27047921516462,0.0627829194776969,0.2656558821485419,0.0341474653462899,0.1262480199282855,0.0969303848239869,0.3583653729732721,-0.0341474653462899,1.1444895380013027,36,6.019088366393532e-06,2.54688097177821e-05,0.0825871828746119
0.2,0.1,0.25,17.516000000000002,21.748000000000005,11.562500000000009,3,0,True,0.999999999979683,0.9995853877953726,99648,20,48,4,True,-0.1038797643883786,-0.1332647962258827,-0.1492494883553451,0.029385031837504,0.2205010825792033,0.0159846921294624,0.1071004819219532,0.0453697239669664,0.3039857922926114,-0.0159846921294624,1.1199468470455505,36,6.591517986764828e-06,4.946180967096711e-05,0.072509250044715
0.2,0.1,0.5,17.516000000000002,21.748000000000005,17.500000000000014,0,0,True,0.9999999988431209,0.9984843959555316,95616,20,48,4,True,-0.3213256004657418,-0.6158902906729766,-0.5959317130760466,0.2945646902072348,0.4782746126511706,0.0199585775969299,0.0334913835914335,0.2746061126103048,0.4608013075740818,0.0199585775969299,0.9675939401884036,36,1.4620709475554604e-05,2.373914591116336e-05,0.1595027398405866
0.2,0.1,0.5,17.516000000000002,21.748000000000005,17.500000000000014,1,0,True,0.9999999994658232,0.9974100082533316,95616,20,48,4,True,-0.317706949725334,-0.5964113675661972,-0.6248828021583941,0.2787044178408631,0.4673023235257652,0.0284714345921969,0.0455628391337613,0.30717585243306,0.4915735420658892,-0.0284714345921969,1.0477379140313532,36,1.0942317633100274e-06,1.8346930035477164e-06,0.152702176345139
0.2,0.1,0.5,17.516000000000002,21.748000000000005,17.500000000000014,2,0,True,0.999999999877582,0.9974238795932472,95616,20,48,4,True,-0.2621341263516142,-0.4642615430327269,-0.5145495395982851,0.2021274166811126,0.4353740250823752,0.0502879965655581,0.0977320796065984,0.2524154132466708,0.4905560958109777,-0.0502879965655581,1.1083182471609827,36,2.3748460960315576e-05,5.115319439379343e-05,0.1358308876340464
0.2,0.1,0.5,17.516000000000002,21.748000000000005,17.500000000000014,3,0,True,0.9999999999683788,0.9976534125193752,95616,20,48,4,True,-0.156699499618169,-0.255845285050582,-0.2815014465828943,0.0991457854324129,0.3875224255659481,0.0256561615323123,0.0911404251869707,0.1248019469647252,0.4433438921173521,-0.0256561615323123,1.1002799857235592,36,1.0881144773433604e-05,4.2530175106734296e-05,0.118335796867301
0.4,0.1,0.25,21.748000000000005,25.980000000000004,11.5625,0,0,True,0.9999999978976744,0.9985288592865932,99648,20,48,4,True,-0.0834768646541493,-0.1446379149383267,-0.1663996063393187,0.0611610502841774,0.4228562774169995,0.0217616914009919,0.1307797048306468,0.0829227416851694,0.498334963101265,-0.0217616914009919,1.1504563406508663,36,1.515835614351868e-05,0.0001048020925217,0.2056020589978045
0.4,0.1,0.25,21.748000000000005,25.980000000000004,11.5625,1,0,True,0.9999999990829618,0.9986822273343088,99648,20,48,4,True,-0.0866187127520936,-0.1409361245942388,-0.1675621889025846,0.0543174118421452,0.3854044660198183,0.0266260643083457,0.1589025810818534,0.080943476150491,0.4830652826906492,-0.0266260643083457,1.188922920826746,36,3.287465172308046e-06,2.33259228730235e-05,0.1863240665639013
0.4,0.1,0.25,21.748000000000005,25.980000000000004,11.5625,2,0,True,0.9999999998489116,0.9991432250116852,99648,20,48,4,True,-0.0912919222462012,-0.1248331663940918,-0.1512823888298996,0.0335412441478905,0.268688563438362,0.0264492224358078,0.1748334531228685,0.0599904665836983,0.3965462672006788,-0.0264492224358078,1.2118765645366152,36,3.3398104195558886e-05,0.0002675419134216,0.1274089516214011
0.4,0.1,0.25,21.748000000000005,25.980000000000004,11.5625,3,0,True,0.999999999954265,0.9995169607149474,99648,20,48,4,True,-0.0864190007573322,-0.1005693230911008,-0.1146911977744833,0.0141503223337686,0.1407021733749814,0.0141218746833824,0.1231295422613878,0.028272197017151,0.2465071214335254,-0.0141218746833824,1.1404193072930413,36,4.1961137113855074e-05,0.0004172359505278,0.0669982870399867
0.4,0.1,0.5,21.748000000000005,25.980000000000004,17.499999999999996,0,0,True,0.9999999818703236,0.992368443156645,95616,20,48,4,True,-0.1211798827682302,-0.3921244828992634,-0.4089278251494134,0.2709446001310331,0.6909657824161891,0.01680334225015,0.0410912176103703,0.2877479423811831,0.7036643746999761,-0.01680334225015,1.0428520609728589,36,1.0782051417024263e-05,2.749650146123156e-05,0.3311557966792522
0.4,0.1,0.5,21.748000000000005,25.980000000000004,17.499999999999996,1,0,True,0.9999999924718715,0.9925042227957158,95616,20,48,4,True,-0.125910721901547,-0.3631531884020148,-0.4197072030775551,0.2372424665004677,0.6532848232571142,0.0565540146755403,0.1347463523638646,0.2937964811760081,0.7000034286324107,-0.0565540146755403,1.1557304643927135,36,2.0899511058658504e-05,5.75501240967283e-05,0.3026122807241087
0.4,0.1,0.5,21.748000000000005,25.980000000000004,17.499999999999996,2,0,True,0.9999999998274752,0.995290210035426,95616,20,48,4,True,-0.1329945829178174,-0.276032056074062,-0.3506489387287395,0.1430374731562446,0.5181915288775963,0.0746168826546774,0.212796544958035,0.217654355810922,0.620718706863957,-0.0746168826546774,1.270319627785032,36,9.406243300036364e-05,0.0003407663382948,0.2123250682498687
0.4,0.1,0.5,21.748000000000005,25.980000000000004,17.499999999999996,3,0,True,0.9999999999510673,0.9972810859890028,95616,20,48,4,True,-0.1258209801214379,-0.1860363301759344,-0.2282560512027729,0.0602153500544964,0.3236752197678317,0.0422197210268384,0.1849664918163868,0.1024350710813349,0.4487726416958646,-0.0422197210268384,1.2269434200669906,36,8.593442916693395e-05,0.00046192283564,0.1131247213965198
0.6,0.1,0.25,25.980000000000004,30.212000000000003,11.5625,0,0,True,0.9999999992015,0.9992355396614964,99648,20,48,4,True,-0.000727735067468,-0.0219668494703575,-0.0260884136924378,0.0212391144028894,0.9668712134414128,0.0041215642220803,0.1579844704499998,0.0253606786249697,0.9721050472425224,-0.0041215642220803,1.1876265518932076,36,3.51618632032924e-06,0.0001600678479212,0.5932770882908464
0.6,0.1,0.25,25.980000000000004,30.212000000000003,11.5625,1,0,True,0.9999999996006712,0.9992733455277272,99648,20,48,4,True,-0.0030169014590376,-0.0223370311651472,-0.0323333468781454,0.0193201297061096,0.8649372230028055,0.0099963157129981,0.3091642739822529,0.0293164454191078,0.90669380839517,-0.0099963157129981,1.4475221276762846,36,3.0429128006215223e-06,0.0001362272711231,0.5179693205043456
0.6,0.1,0.25,25.980000000000004,30.212000000000003,11.5625,2,0,True,0.999999999933641,0.9993508500174292,99648,20,48,4,True,-0.0258978407896886,-0.0400285851976087,-0.0558152246475138,0.01413074440792,0.3530163341562273,0.0157866394499051,0.2828375152048819,0.0299173838578251,0.5360075865816256,-0.0157866394499051,1.3943841475278564,36,2.3790024484049432e-05,0.0005943258890266,0.2050761910007966
0.6,0.1,0.25,25.980000000000004,30.212000000000003,11.5625,3,0,True,0.9999999999735294,0.9994184296615056,99648,20,48,4,True,-0.0647967784972204,-0.0746014836631108,-0.0824681856862517,0.0098047051658903,0.1314277502866691,0.0078667020231408,0.0953907492650507,0.0176714071890312,0.2142815079776545,-0.0078667020231408,1.1054496725382263,36,5.590328719151661e-05,0.0007493589195084,0.0835077457146998
0.6,0.1,0.5,25.980000000000004,30.212000000000003,17.499999999999996,0,0,True,0.999999998506669,0.9908523982081724,95616,20,48,4,True,0.0193167010586337,-0.1118299117322072,-0.1368962175945856,0.1311466127908409,1.1727328651111726,0.0250663058623783,0.1831044443945962,0.1562129186532193,1.1411047098163047,-0.0250663058623783,1.2241467016660377,36,2.037661807108293e-05,0.0001822108034912,0.8783954202604792
0.6,0.1,0.5,25.980000000000004,30.212000000000003,17.499999999999996,1,0,True,0.999999999280024,0.9914308076725106,95616,20,48,4,True,0.0158178958874332,-0.0970833346659858,-0.1475650405213904,0.1129012305534191,1.1629311142005432,0.0504817058554045,0.3420980042226665,0.1633829364088237,1.107192705206762,-0.0504817058554045,1.5199832291410913,36,4.266205596792361e-06,4.394374803327672e-05,0.7964531611262272
0.6,0.1,0.5,25.980000000000004,30.212000000000003,17.499999999999996,2,0,True,0.9999999998997562,0.9935171355645488,95616,20,48,4,True,-0.0190290805576745,-0.0891323856161971,-0.1555279050179344,0.0701033050585226,0.786507671413469,0.0663955194017372,0.4269042227121941,0.1364988244602599,0.8776484480037184,-0.0663955194017372,1.7449090355063024,36,0.0001191497744517,0.001336773089018,0.3566314477576411
0.6,0.1,0.5,25.980000000000004,30.212000000000003,17.499999999999996,3,0,True,0.9999999999636182,0.9949041121672908,95616,20,48,4,True,-0.0784955698189897,-0.1174986541437005,-0.1491607236008175,0.0390030843247108,0.3319449453183535,0.031662069457117,0.212268140652433,0.0706651537818278,0.4737517496290861,-0.031662069457117,1.2694675074183777,36,0.0001687503204297,0.0014361893900789,0.1431922571256349
0.8,0.1,0.25,30.212000000000003,34.444,11.5625,0,0,True,0.9999999989849286,0.9999524361079232,99648,20,48,4,True,0.0804881157276943,0.0873694147518922,0.0923322475490682,0.0068812990241978,0.0787609605001828,0.004962832797176,0.0537497237304725,0.0118441318213738,0.1282773043630239,0.004962832797176,1.0568028618626926,36,3.573308739546199e-05,0.0004089885172853,0.0738652374509151
0.8,0.1,0.25,30.212000000000003,34.444,11.5625,1,0,True,0.9999999994988232,0.9999318711629016,99648,20,48,4,True,0.0824852937569025,0.0895443036026291,0.0880487157484126,0.0070590098457265,0.0788325952821336,0.0014955878542164,0.0169859133265484,0.0055634219915101,0.0631857255863544,-0.0014955878542164,0.9832977889821622,36,2.860411956140396e-05,0.0003194409740271,0.0718384582449253
0.8,0.1,0.25,30.212000000000003,34.444,11.5625,2,0,True,0.9999999999177076,0.999840603731494,99648,20,48,4,True,0.0542767472302285,0.0575853170314983,0.0477861623809225,0.0033085698012698,0.0574550939688344,0.0097991546505757,0.2050625989269198,0.0064905848493059,0.1358256140672458,-0.0097991546505757,0.829832409445349,36,2.4486051769745387e-05,0.0004252134577352,0.0459812188210028
0.8,0.1,0.25,30.212000000000003,34.444,11.5625,3,0,True,0.999999999972195,0.9996101347803624,99648,20,48,4,True,-0.0141131059562967,-0.020070253530004,-0.0261121496994483,0.0059571475737072,0.2968147644374123,0.0060418961694442,0.2313825647825516,0.0119990437431515,0.4595195677591065,-0.0060418961694442,1.3010373616064168,36,6.238239720424144e-05,0.0031082017529565,0.1713098042306084
0.8,0.1,0.5,30.212000000000003,34.444,17.499999999999996,0,0,True,0.9999999970222756,0.999008216207082,95616,20,48,4,True,0.1736584319143082,0.1994224292704713,0.2043662610752536,0.0257639973561631,0.129193077480869,0.0049438318047823,0.0241910371054928,0.0307078291609454,0.1502588000552494,0.0049438318047823,1.0247907510848595,36,0.0001008419673369,0.0005056701380373,0.1230001371869902
0.8,0.1,0.5,30.212000000000003,34.444,17.499999999999996,1,0,True,0.9999999986453314,0.998809862985651,95616,20,48,4,True,0.1766072692667611,0.2042355515227871,0.1885345724425742,0.027628282256026,0.1352765571421263,0.0157009790802129,0.0832790446696205,0.011927303175813,0.0632632149174974,-0.0157009790802129,0.923123183191438,36,7.62116022419157e-05,0.0003731554162518,0.1206270012652969
0.8,0.1,0.5,30.212000000000003,34.444,17.499999999999996,2,0,True,0.999999999828668,0.9980062968365604,95616,20,48,4,True,0.1337419816709407,0.1522990104031245,0.1109816181766518,0.0185570287321838,0.1218460230507389,0.0413173922264726,0.3722904108381884,0.0227603634942888,0.2050822818068905,-0.0413173922264726,0.728708728197849,36,8.508605814072645e-05,0.0005586776822482,0.0888666072452786
0.8,0.1,0.5,30.212000000000003,34.444,17.499999999999996,3,0,True,0.999999999960196,0.996285768230651,95616,20,48,4,True,0.0300641243394502,0.0211473481245509,-0.0003756914886144,0.0089167762148992,0.4216498523778167,0.0215230396131654,57.28913288011913,0.0304398158280647,81.02343744949668,-0.0215230396131654,-0.0177654184535003,36,0.0001791951117176,0.0084736445753008,0.3318771612240698
0.9,0.1,0.25,32.328,36.56,11.5625,0,0,True,0.9999999994027492,0.9999979260706036,99072,20,48,4,True,0.1305206538665999,0.1532665978218368,0.1594392977337104,0.0227459439552369,0.1484077044737283,0.0061726999118736,0.0387150470405548,0.0289186438671105,0.181377140254402,0.0061726999118736,1.040274267189313,36,0.0002083578216889,0.0013594470331437,0.103743318370268
0.9,0.1,0.25,32.328,36.56,11.5625,1,0,True,0.9999999997540148,0.9999961144129748,99072,20,48,4,True,0.1348159641876165,0.1585061458465355,0.1610780525347075,0.023690181658919,0.1494590732264455,0.0025719066881719,0.0159668350076296,0.0262620883470909,0.1630395198714752,0.0025719066881719,1.0162259114587398,36,0.000188764829847,0.0011908991215384,0.1031064624544925
0.9,0.1,0.25,32.328,36.56,11.5625,2,0,True,0.9999999999240958,0.999979334159216,99072,20,48,4,True,0.1066038704283035,0.1255535213101484,0.1268915969877926,0.0189496508818448,0.1509288682954141,0.0013380756776442,0.0105450298475866,0.020287726559489,0.1598823487219632,0.0013380756776442,1.0106574125813552,36,0.0001208527589062,0.000962559692832,0.0972547827812211
0.9,0.1,0.25,32.328,36.56,11.5625,3,0,True,0.9999999999684024,0.999865943606698,99072,20,48,4,True,0.0286019442426161,0.0327885649577515,0.0381735458992027,0.0041866207151353,0.1276853903344003,0.0053849809414512,0.1410657777422689,0.0095716016565865,0.2507391291828219,0.0053849809414512,1.164233504832854,36,7.197472513142955e-05,0.002195116658023,3.080039050110706
0.9,0.1,0.5,32.328,36.56,17.499999999999996,0,0,True,0.9999999995963458,0.9999786753225092,94464,20,48,4,True,0.2722421555898822,0.38717671888632,0.4060872284107562,0.1149345632964377,0.2968529813131249,0.0189105095244361,0.0465676046952854,0.1338450728208739,0.3295968537220037,0.0189105095244361,1.0488420625569397,36,0.0009890615650514,0.0025545481347544,0.1766727302629177
0.9,0.1,0.5,32.328,36.56,17.499999999999996,1,0,True,0.9999999997971448,0.999978338817858,94464,20,48,4,True,0.2787894241841978,0.3971446826189453,0.4029742700750847,0.1183552584347474,0.2980154679505244,0.0058295874561393,0.0144664011800385,0.1241848458908868,0.3081706578133337,0.0058295874561393,1.0146787498643983,36,0.0009636872074907,0.0024265393688158,0.1760333436059885
0.9,0.1,0.5,32.328,36.56,17.499999999999996,2,0,True,0.9999999999489788,0.9999169867802764,94464,20,48,4,True,0.2364526228763618,0.3373011757525104,0.3337589220390748,0.1008485528761485,0.2989866627388948,0.0035422537134355,0.0106132105526779,0.097306299162713,0.2915466605903073,-0.0035422537134355,0.9894982467655712,36,0.0008949819205099,0.0026533614017599,0.1697650084813861
0.9,0.1,0.5,32.328,36.56,17.499999999999996,3,0,True,0.9999999999776312,0.999488516797552,94464,20,48,4,True,0.1194657258493345,0.1665947178795352,0.1739871361103648,0.0471289920302007,0.282896076358674,0.0073924182308295,0.042488303423423,0.0545214102610303,0.3133646054524738,0.0073924182308295,1.0443736651733162,36,0.0009902409731938,0.0059440118258127,0.0371468904512335
0.3,0.1,0.25,19.632,23.864000000000004,11.562500000000009,0,0,True,0.9999999982745046,0.9991489122382532,99648,20,48,4,True,-0.1385216561433014,-0.2208326270090814,-0.248680446813882,0.0823109708657799,0.3727301168336644,0.0278478198048005,0.111982345864299,0.1101587906705805,0.4429732698406555,-0.0278478198048005,1.126103738301566,36,1.5883139679373492e-05,7.19238814231935e-05,0.1501603918502751
0.3,0.1,0.25,19.632,23.864000000000004,11.562500000000009,1,0,True,0.9999999991684908,0.999170222238963,99648,20,48,4,True,-0.1394095279123493,-0.2139833612386661,-0.2476434309166545,0.0745738333263167,0.3485029531952295,0.0336600696779884,0.1359215124479391,0.1082339030043051,0.4370554171522997,-0.0336600696779884,1.1573022756682734,36,6.648190874036786e-06,3.106872812705158e-05,0.1393995592758071
0.3,0.1,0.25,19.632,23.864000000000004,11.562500000000009,2,0,True,0.9999999998866692,0.999450509732654,99648,20,48,4,True,-0.1266068969450895,-0.1745945195731748,-0.2056231152078713,0.0479876226280853,0.2748518266518273,0.0310285956346965,0.1509003285128165,0.0790162182627818,0.3842769242305353,-0.0310285956346965,1.1777180389771171,36,1.9451588225916083e-05,0.0001114100733142,0.1085530118037943
0.3,0.1,0.25,19.632,23.864000000000004,11.562500000000009,3,0,True,0.9999999999651216,0.9996655509753876,99648,20,48,4,True,-0.0931312866718471,-0.1135145972615846,-0.1291835871850005,0.0203833105897375,0.1795655455902814,0.0156689899234159,0.1212924200732772,0.0360523005131534,0.279078026077135,-0.0156689899234159,1.138035021939144,36,2.215561165586077e-05,0.000195178524968,0.0730958485318568
0.3,0.1,0.5,19.632,23.864000000000004,17.500000000000014,0,0,True,0.9999999970924196,0.9969473165337304,95616,20,48,4,True,-0.2077221877313663,-0.5117414730838337,-0.5123493329102375,0.3040192853524673,0.5940876425754589,0.0006078598264038,0.0011864167421691,0.3046271451788712,0.5945692237921606,-0.0006078598264038,1.001187825998821,36,1.430252464595938e-05,2.7948730752209985e-05,0.2426848347970285
0.3,0.1,0.5,19.632,23.864000000000004,17.500000000000014,1,0,True,0.9999999986477848,0.9964290276551564,95616,20,48,4,True,-0.2090444848810796,-0.484224019250836,-0.530640881190666,0.2751795343697563,0.5682897242385839,0.0464168619398299,0.0874732113283066,0.3215963963095863,0.6060528084228638,-0.0464168619398299,1.0958582393571543,36,3.835578836763887e-06,7.92108339172864e-06,0.2265707192214358
0.3,0.1,0.5,19.632,23.864000000000004,17.500000000000014,2,0,True,0.9999999999052688,0.997618230443694,95616,20,48,4,True,-0.1896473325530913,-0.3683814276041079,-0.4354994347316259,0.1787340950510166,0.4851875845464677,0.0671180071275179,0.1541173231806351,0.2458521021785345,0.5645290959563232,-0.0671180071275179,1.1821970438739065,36,4.286215908533286e-05,0.0001163526602415,0.1793102940201209
0.3,0.1,0.5,19.632,23.864000000000004,17.500000000000014,3,0,True,0.9999999999658584,0.9984046561976596,95616,20,48,4,True,-0.139048272707846,-0.2179927339699064,-0.2556736156825049,0.0789444612620604,0.3621426266113924,0.0376808817125984,0.1473788431865041,0.1166253429746588,0.4561493084193875,-0.0376808817125984,1.172853842540459,36,2.8935417656250628e-05,0.0001327356977881,0.1223489427141872
0.5,0.1,0.25,23.864000000000004,28.096000000000004,11.5625,0,0,True,0.9999999979751336,0.9986592861390832,99648,20,48,4,True,-0.0395261789980975,-0.0791182298985865,-0.0919079165004943,0.0395920509004889,0.5004162877662699,0.0127896866019078,0.1391576165458938,0.0523817375023967,0.5699371664258654,-0.0127896866019078,1.161652840543849,36,1.968927274076382e-05,0.0002488588630711,0.2703221451836967
0.5,0.1,0.25,23.864000000000004,28.096000000000004,11.5625,1,0,True,0.9999999990262716,0.9987936106364372,99648,20,48,4,True,-0.042980924265651,-0.0782545578621737,-0.0961334529827184,0.0352736335965227,0.4507550046944051,0.0178788951205447,0.1859799535522641,0.0531525287170674,0.5529035634101532,-0.0178788951205447,1.2284709748412872,36,1.0149688194571738e-05,0.0001297009205834,0.2443137602051195
0.5,0.1,0.25,23.864000000000004,28.096000000000004,11.5625,2,0,True,0.999999999862232,0.9991257254400392,99648,20,48,4,True,-0.0590112049854243,-0.0816406964830006,-0.1025064966366346,0.0226294914975762,0.2771839593784974,0.020865800153634,0.2035558802443438,0.0434952916512103,0.4243174147819387,-0.020865800153634,1.2555808690091068,36,2.901074735150999e-05,0.0003553466420702,0.1506940758246532
0.5,0.1,0.25,23.864000000000004,28.096000000000004,11.5625,3,0,True,0.999999999954414,0.999416674422868,99648,20,48,4,True,-0.0779419358207288,-0.0890262351351215,-0.1001640686910085,0.0110842993143926,0.1245059874493092,0.011137833555887,0.1111958979047229,0.0222221328702797,0.2218573302850921,-0.011137833555887,1.1251073185222575,36,4.967038351466613e-05,0.0005579297320534,0.0705248914158113
0.5,0.1,0.5,23.864000000000004,28.096000000000004,17.499999999999996,0,0,True,0.9999999970229304,0.989439654263061,95616,20,48,4,True,-0.0487586517772057,-0.2570355166610061,-0.2835829297091917,0.2082768648838003,0.8103038350084839,0.0265474130481856,0.0936142844543197,0.2348242779319859,0.8280621057578933,-0.0265474130481856,1.103283053614719,36,1.8843657025868765e-05,7.331149123146633e-05,0.4302403620075632
0.5,0.1,0.5,23.864000000000004,28.096000000000004,17.499999999999996,1,0,True,0.9999999987658432,0.990102710968288,95616,20,48,4,True,-0.0539812982815522,-0.233160495304715,-0.2917327220971302,0.1791791970231627,0.7684800840253634,0.0585722267924151,0.2007735929359133,0.2377514238155779,0.8149631693918119,-0.0585722267924151,1.2512099089336195,36,2.2385228562682435e-05,9.600781012850144e-05,0.3935295553526053
0.5,0.1,0.5,23.864000000000004,28.096000000000004,17.499999999999996,2,0,True,0.999999999877246,0.9934346145504548,95616,20,48,4,True,-0.0783401112568919,-0.1840955635771627,-0.2583092665726527,0.1057554523202707,0.5744595375648142,0.07421370299549,0.2873056161715998,0.1799691553157607,0.6967197023307027,-0.07421370299549,1.4031259719324185,36,0.0001343761237218,0.0007299259205965,0.2536793197180297
0.5,0.1,0.5,23.864000000000004,28.096000000000004,17.499999999999996,3,0,True,0.99999999996407,0.9957899876570546,95616,20,48,4,True,-0.1073964783067339,-0.1545294302847173,-0.1943462424741865,0.0471329519779833,0.3050095499034837,0.0398168121894692,0.204875647105746,0.0869497641674525,0.4473961680993212,-0.0398168121894692,1.257664912865514,36,0.0001490532926072,0.0009645624935823,0.1206825151728143
0.7,0.1,0.25,28.096000000000004,32.328,11.5625,0,0,True,0.9999999983802188,0.9997285977606176,99648,20,48,4,True,0.0378686623090991,0.031491188665802,0.0333641494744081,0.0063774736432971,0.202516129542699,0.0018729608086061,0.0561369265547366,0.004504512834691,0.1350105698976743,0.0018729608086061,1.059475710125863,36,1.89641429491072e-05,0.0006022047357552,0.0842822128785606
0.7,0.1,0.25,28.096000000000004,32.328,11.5625,1,0,True,0.9999999991670552,0.9997078418250536,99648,20,48,4,True,0.037570642057419,0.0316711972338177,0.0270608654750268,0.0058994448236013,0.1862716076076225,0.0046103317587908,0.1703689692794762,0.0105097765823922,0.3883754786812404,-0.0046103317587908,0.854431402616252,36,1.3663568700472696e-05,0.0004314193934507,0.0892186531859049
0.7,0.1,0.25,28.096000000000004,32.328,11.5625,2,0,True,0.9999999998777952,0.9996283566614592,99648,20,48,4,True,0.0109545114327861,0.0046592296348306,-0.0075588878314669,0.0062952817979555,1.3511422040447012,0.0122181174662976,1.6163908948925958,0.0185133992642531,2.449222647170864,-0.0122181174662976,-1.6223471311565154,36,2.735064771997031e-05,0.0058702081381666,457.95208689899823
0.7,0.1,0.25,28.096000000000004,32.328,11.5625,3,0,True,0.9999999999656308,0.9994924480727851,99648,20,48,4,True,-0.0444016334242824,-0.0532932622133686,-0.0590335557390351,0.0088916287890861,0.1668433948270428,0.0057402935256665,0.097237807443654,0.0146319223147527,0.2478577163712594,-0.0057402935256665,1.1077114308124782,36,6.92436499691862e-05,0.0012992946405111,0.114408270911427
0.7,0.1,0.5,28.096000000000004,32.328,17.499999999999996,0,0,True,0.9999999959069468,0.9953529313089104,95616,20,48,4,True,0.0911698433695755,0.0394442733178093,0.026901918895573,0.0517255700517662,1.311358169410409,0.0125423544222362,0.4662252708040185,0.0642679244740025,2.3889717578688576,-0.0125423544222362,0.682023437948004,36,3.387551904210362e-05,0.0008588197016373,0.1634435811138517
0.7,0.1,0.5,28.096000000000004,32.328,17.499999999999996,1,0,True,0.9999999979860236,0.99536308410863,95616,20,48,4,True,0.0906425803104116,0.0462045672697071,0.0115349032139187,0.0444380130407045,0.9617666751710756,0.0346696640557884,3.005631119119746,0.0791076770964929,6.858113642517338,-0.0346696640557884,0.2496485498194736,36,2.6820527129212124e-05,0.0005804735054146,0.1653727702301743
0.7,0.1,0.5,28.096000000000004,32.328,17.499999999999996,2,0,True,0.999999999884991,0.9954136087234648,95616,20,48,4,True,0.0500684821980188,0.017967164940241,-0.0367797875663612,0.0321013172577777,1.7866656962602028,0.0547469525066023,1.4885064903603151,0.08684826976438,2.361304279087556,-0.0547469525066023,-2.0470557090498733,36,0.0001018022572945,0.0056660167384836,2.311522835315729
0.7,0.1,0.5,28.096000000000004,32.328,17.499999999999996,3,0,True,0.9999999999499356,0.9950476066731444,95616,20,48,4,True,-0.0343131466428597,-0.0645620713630357,-0.0874779339443116,0.030248924720176,0.4685246938575563,0.0229158625812759,0.2619616347576771,0.0531647873014519,0.6077508338879678,-0.0229158625812759,1.354943112844366,36,0.0001832300279925,0.0028380444450469,0.1990635721848407
0.2,0.05,0.25,18.574,20.69,5.78125,0,0,True,0.9999999989016217,0.9997779279792633,101952,20,48,4,True,-0.1044458860874375,-0.1758735524160313,-0.2286692955944185,0.0714276663285938,0.40613079878906794,0.0527957431783872,0.23088251984660363,0.124223409506981,0.5432448164239376,-0.0527957431783872,1.3001914867421234,36,2.7755172234855685e-05,0.00015781322349821218,0.044841644796730584
0.2,0.05,0.25,18.574,20.69,5.78125,1,0,True,0.9999999995124557,0.9997261233076886,101952,20,48,4,True,-0.10308392258808116,-0.16910269133076872,-0.22403275257873967,0.06601876874268756,0.39040637510347687,0.05493006124797095,0.24518763714544353,0.12094882999065851,0.5398711956107812,-0.05493006124797095,1.3248325666238303,36,1.847317815040217e-05,0.00010924236631023342,0.04298970291284165
0.2,0.05,0.25,18.574,20.69,5.78125,2,0,True,0.9999999998461782,0.9997715898356674,101952,20,48,4,True,-0.08491251024999558,-0.12890605074193184,-0.17260206314753135,0.04399354049193627,0.3412837507527923,0.043696012405599505,0.2531604293064006,0.08768955289753577,0.5080446392033174,-0.043696012405599505,1.3389756505152604,36,1.3507654188504858e-06,1.0478681264967925e-05,0.03848209800690313
0.2,0.05,0.25,18.574,20.69,5.78125,3,0,True,0.9999999999613517,0.9998303150327522,101952,20,48,4,True,-0.050892077802761275,-0.06927498424870915,-0.09037826703405205,0.018382906445947873,0.2653613948138922,0.021103282785342903,0.23349952901167895,0.039486189231290776,0.43689916311864513,-0.021103282785342903,1.3046306399663474,36,1.926965712217843e-06,2.7816184054256925e-05,0.034008847640394774
0.2,0.05,0.5,18.574,20.69,8.749999999999998,0,0,True,0.9999999965839969,0.9987581481960315,100224,20,48,4,True,-0.15788515580857312,-0.4422967935542922,-0.4977456357146308,0.2844116377457191,0.6430334605417106,0.05544884216033863,0.11139995648727043,0.3398604799060577,0.6827995175047756,-0.05544884216033863,1.1253656887601475,36,6.481269462121908e-06,1.465366594688263e-05,0.07041882217894364
0.2,0.05,0.5,18.574,20.69,8.749999999999998,1,0,True,0.9999999987493111,0.9981753060969377,100224,20,48,4,True,-0.15581908950117018,-0.4175687716798221,-0.5033644022398489,0.2617496821786519,0.6268420914851193,0.08579563056002681,0.17044437425105385,0.3475453127386787,0.6904447576987701,-0.08579563056002681,1.2054646716393151,36,9.35926445810864e-06,2.24137078557326e-05,0.0674882698928345
0.2,0.05,0.5,18.574,20.69,8.749999999999998,2,0,True,0.9999999999308794,0.9985361210842907,100224,20,48,4,True,-0.12830864324326793,-0.30035261844594685,-0.3831434070160674,0.17204397520267892,0.5728066433808731,0.08279078857012057,0.21608303067224297,0.25483476377279946,0.6651158785621822,-0.08279078857012057,1.275645303172278,36,3.180070155561765e-05,0.00010587789019505647,0.06032408756857652
0.2,0.05,0.5,18.574,20.69,8.749999999999998,3,0,True,0.9999999999738551,0.9990294024801303,100224,20,48,4,True,-0.07682066348656592,-0.14688249181930602,-0.18965091171236126,0.07006182833274009,0.47699237305239717,0.04276841989305524,0.2255112802089822,0.11283024822579533,0.5949364925644128,-0.04276841989305524,1.2911743895635206,36,1.2734177955109338e-05,8.669636385781669e-05,0.053137405342826904
0.4,0.05,0.25,22.806,24.922,5.78125,0,0,True,0.999999998254658,0.9992830549300304,101952,20,48,4,True,-0.04106534585154225,-0.07340542604467226,-0.09962858504091177,0.03234008019313001,0.4405679789045682,0.026223158996239504,0.2632091882612922,0.058563239189369516,0.5878156270644709,-0.026223158996239504,1.3572373380175045,36,2.0424075783953555e-06,2.782365948196268e-05,0.09746923479023516
0.4,0.05,0.25,22.806,24.922,5.78125,1,0,True,0.9999999992934492,0.9993731572913077,101952,20,48,4,True,-0.042768435345032774,-0.07097145469717292,-0.09934288848645567,0.028203019352140146,0.39738539209149937,0.02837143378928275,0.28559098916427106,0.0565744531414229,0.5694866940489275,-0.02837143378928275,1.3997583804691678,36,3.9063571877218095e-06,5.5041244460745365e-05,0.08777216643767513
0.4,0.05,0.25,22.806,24.922,5.78125,2,0,True,0.9999999998824329,0.9996075348007446,101952,20,48,4,True,-0.045492572456126264,-0.061970909879145775,-0.08836344806953667,0.01647833742301951,0.2659043970010313,0.02639253819039089,0.2986816242121014,0.0428708756134104,0.4851652640317253,-0.02639253819039089,1.425885923602881,36,1.165599355590352e-06,1.880881461743061e-05,0.058868063911652946
0.4,0.05,0.25,22.806,24.922,5.78125,3,0,True,0.9999999999536819,0.9997875731680725,101952,20,48,4,True,-0.043337466450308774,-0.049689196149975356,-0.06562652670957547,0.006351729699666582,0.1278291900817907,0.015937330559600116,0.2428489112356867,0.022289060259266698,0.3396349216819749,-0.015937330559600116,1.3207403579542114,36,4.596232167308756e-06,9.249962815731796e-05,0.03068433843129425
0.4,0.05,0.5,22.806,24.922,8.749999999999998,0,0,True,0.9999999985391463,0.9937337357357763,100224,20,48,4,True,-0.059739152173636526,-0.21202242315640962,-0.2970102869980007,0.1522832709827731,0.718241347852313,0.08498786384159107,0.28614451270559244,0.23727113482436418,0.7988650400716975,-0.08498786384159107,1.4008437531104683,36,3.9758430793623845e-05,0.00018751993398497254,0.1514946945806438
0.4,0.05,0.5,22.806,24.922,8.749999999999998,1,0,True,0.9999999993080402,0.9942245533882499,100224,20,48,4,True,-0.06230313927342025,-0.1925838329628503,-0.29251642221242147,0.13028069368943007,0.6764882165086069,0.09993258924957116,0.3416306971545053,0.23021328293900123,0.7870097726404689,-0.09993258924957116,1.5189043530401032,36,2.7133705863935376e-05,0.0001408929578692595,0.13684359391824988
0.4,0.05,0.5,22.806,24.922,8.749999999999998,2,0,True,0.9999999998967395,0.9966506166290594,100224,20,48,4,True,-0.06642768549133822,-0.13818718018339737,-0.22564556799672797,0.07175949469205915,0.5192919820552266,0.0874583878133306,0.3875918706925314,0.15921788250538976,0.7056105019873403,-0.0874583878133306,1.6328979844386344,36,2.1321334865098684e-05,0.00015429314670725407,0.09264628418247652
0.4,0.05,0.5,22.806,24.922,8.749999999999998,3,0,True,0.9999999999666697,0.9983428390149519,100224,20,48,4,True,-0.0632615854981822,-0.08796486422951655,-0.1362378607241469,0.02470327873133435,0.2808312040007126,0.04827299649463035,0.3543287911160984,0.0729762752259647,0.5356534140955601,-0.04827299649463035,1.5487758881623144,36,1.443400427814101e-05,0.000164088291439637,0.04849395056812203
0.6,0.05,0.25,27.038,29.154000000000003,5.781250000000009,0,0,True,0.9999999983163346,0.9997436953494333,101952,20,48,4,True,-0.00035898742096945185,-0.00873144996002262,-0.013578901450819858,0.008372462539053167,0.9588857036788743,0.004847451490797239,0.35698406887727746,0.013219914029850406,0.9735628524686157,-0.004847451490797239,1.555171422042334,36,2.276105174336962e-06,0.0002606789461954456,0.29476254110062555
0.6,0.05,0.25,27.038,29.154000000000003,5.781250000000009,1,0,True,0.9999999993342374,0.9997603228866533,101952,20,48,4,True,-0.0015533217714312451,-0.008725065518205732,-0.01785732536942375,0.007171743746774487,0.8219701882822448,0.009132259851218016,0.5114013247949635,0.016304003597992504,0.9130148698477027,-0.009132259851218016,2.0466694871416875,36,3.162365108111409e-06,0.0003624460012950979,0.25094146853643484
0.6,0.05,0.25,27.038,29.154000000000003,5.781250000000009,2,0,True,0.9999999998736998,0.99979305194927,101952,20,48,4,True,-0.013183632143942914,-0.01756318131336465,-0.032193824625776246,0.004379549169421737,0.24935967415476898,0.014630643312411595,0.45445496092742743,0.019010192481833332,0.5904918941073148,-0.014630643312411595,1.8330292246814335,36,1.6708421823441455e-05,0.0009513323084996698,0.09219102417239532
0.6,0.05,0.25,27.038,29.154000000000003,5.781250000000009,3,0,True,0.9999999999648116,0.9998147994469606,101952,20,48,4,True,-0.03285038866339643,-0.03544499839457271,-0.04599719568590521,0.002594609731176284,0.0732010113893408,0.010552197291332499,0.2294095788662607,0.013146807022508783,0.2858175770601885,-0.010552197291332499,1.2977062426090626,36,3.115783200002831e-05,0.0008790473525539544,0.03811990046432718
0.6,0.05,0.5,27.038,29.154000000000003,8.750000000000014,0,0,True,0.999999998837643,0.9959845267631469,100224,20,48,4,True,0.009408407782217437,-0.0382712714483614,-0.07645892370173157,0.047679679230578836,1.2458347325855634,0.038187652253370175,0.4994531756991674,0.08586733148394901,1.1230517946985483,-0.038187652253370175,1.997815092317901,36,3.07023265468942e-05,0.0008022290711799367,0.4488648312067676
0.6,0.05,0.5,27.038,29.154000000000003,8.750000000000014,1,0,True,0.999999999394275,0.9964476936090549,100224,20,48,4,True,0.007584132414178192,-0.03156829130288785,-0.08071179661585448,0.039152423717066044,1.240245261975405,0.04914350531296663,0.6088763647136212,0.08829592903003267,1.0939656002241487,-0.04914350531296663,2.5567363099082594,36,3.3535848384613764e-05,0.0010623270060089037,0.38660005687049126
0.6,0.05,0.5,27.038,29.154000000000003,8.750000000000014,2,0,True,0.999999999901032,0.9976112396397091,100224,20,48,4,True,-0.010128741181310595,-0.030301680902270034,-0.0842036562062577,0.02017293972095944,0.6657366561948117,0.05390197530398766,0.6401381808404404,0.07407491502494709,0.8797113850199075,-0.05390197530398766,2.778844397373006,36,6.808440885597289e-05,0.002246885546566243,0.14696256720723594
0.6,0.05,0.5,27.038,29.154000000000003,8.750000000000014,3,0,True,0.9999999999688325,0.9983088718005435,100224,20,48,4,True,-0.04020114758189978,-0.0485082402792254,-0.08022786786763536,0.008307092697325623,0.1712511657711751,0.03171962758840996,0.39536919566082523,0.04002672028573558,0.49891292576507223,-0.03171962758840996,1.6539018403022652,36,8.35256759624814e-05,0.0017218863327485598,0.06029426716231653
0.8,0.05,0.25,31.270000000000007,33.385999999999996,5.7812499999999805,0,0,True,0.9999999985169277,0.9999901452615921,101952,20,48,4,True,0.03976729826131781,0.04127383039686472,0.04380227479753329,0.001506532135546912,0.03650090435176456,0.0025284444006685725,0.05772404315428296,0.004034976536215484,0.0921179677280759,0.0025284444006685725,1.0612602313949675,36,1.2245355543560876e-05,0.0002966857067981524,0.034150595450122626
0.8,0.05,0.25,31.270000000000007,33.385999999999996,5.7812499999999805,1,0,True,0.9999999993294385,0.9999841462120519,101952,20,48,4,True,0.040768389234145073,0.04238494704410778,0.04043910796812189,0.0016165578099627056,0.038139903968275324,0.001945839075985889,0.04811775466263479,0.00032928126602318336,0.008142644152357551,-0.001945839075985889,0.9540912703285683,36,9.936514587582934e-06,0.00023443498884739736,0.032989201653810744
0.8,0.05,0.25,31.270000000000007,33.385999999999996,5.7812499999999805,2,0,True,0.9999999999040755,0.9999567913341011,101952,20,48,4,True,0.026568641214725637,0.027340880550013713,0.018588448642031574,0.000772239335288076,0.028244859702870422,0.008752431907982139,0.4708532743389588,0.007980192572694063,0.4293092299617473,-0.008752431907982139,0.6798774680291799,36,1.0330497103527847e-05,0.00037784068748739205,0.017814404604854474
0.8,0.05,0.25,31.270000000000007,33.385999999999996,5.7812499999999805,3,0,True,0.9999999999697321,0.9998896523968007,101952,20,48,4,True,-0.007842518484257821,-0.009526928828244907,-0.016548171212349527,0.0016844103439870861,0.17680517765528386,0.00702124238410462,0.4242911373109812,0.008705652728091706,0.5260794450564347,-0.00702124238410462,1.7369890665382566,36,2.728578329913578e-05,0.0028640691865189976,0.07479609945853323
0.8,0.05,0.5,31.270000000000007,33.385999999999996,8.74999999999997,0,0,True,0.9999999981903931,0.9998152170948446,100224,20,48,4,True,0.08580223220154223,0.09107787081917418,0.09406544660199323,0.005275638617631945,0.05792448341382713,0.002987575782819052,0.03176060807386573,0.008263214400450997,0.08784537467210517,0.002987575782819052,1.0328024333018344,36,1.9701886154299686e-05,0.00021631913413320533,0.05373300621931028
0.8,0.05,0.5,31.270000000000007,33.385999999999996,8.74999999999997,1,0,True,0.9999999990875317,0.9997720834178762,100224,20,48,4,True,0.08727339484394829,0.09354079402877313,0.08428981925315648,0.006267399184824843,0.06700177446534174,0.00925097477561665,0.10975198259510112,0.0029835755907918066,0.0353966305447983,-0.00925097477561665,0.901102242378111,36,1.6550139197102354e-05,0.00017692964197002148,0.05208140733068675
0.8,0.05,0.5,31.270000000000007,33.385999999999996,8.74999999999997,2,0,True,0.9999999998668299,0.9996046193116683,100224,20,48,4,True,0.06567134682480334,0.07075505490013678,0.04490047391210106,0.00508370807533344,0.07184939765093183,0.025854580988035725,0.5758197795116745,0.020770872912702285,0.4625980775473365,-0.025854580988035725,0.6345903338704675,36,2.6009486788325376e-05,0.0003675989909842483,0.03085324281594961
0.8,0.05,0.5,31.270000000000007,33.385999999999996,8.74999999999997,3,0,True,0.9999999999637089,0.9992584809098313,100224,20,48,4,True,0.013456625380717055,0.012042114093337997,-0.0037557223893983638,0.0014145112873790583,0.11746370084316024,0.01579783648273636,4.206337648205954,0.01721234777011542,4.58296593451698,-0.01579783648273636,-0.31188231238201974,36,4.949320175251515e-05,0.0041100093695255755,0.1205163543101855
0.9,0.05,0.25,33.385999999999996,35.502,5.781250000000019,0,0,True,0.9999999994052358,0.9999995954881663,101952,20,48,4,True,0.06463946129894718,0.06992515899010687,0.07264599752842593,0.005285697691159691,0.07559078545545417,0.002720838538319059,0.03745338533281771,0.00800653622947875,0.1102130399729984,0.002720838538319059,1.0389107236596202,36,3.097929426010282e-05,0.0004430350206924209,0.04752458984869191
0.9,0.05,0.25,33.385999999999996,35.502,5.781250000000019,1,0,True,0.9999999997213572,0.9999987437405096,101952,20,48,4,True,0.06679413704978887,0.07231102750990615,0.07167345579534157,0.005516890460117274,0.07629390219025024,0.0006375717145645776,0.008895506816151269,0.0048793187455526965,0.06807706830106312,-0.0006375717145645776,0.9911829255298961,36,2.4818841222851162e-05,0.0003432234622782969,0.04712317530022853
0.9,0.05,0.25,33.385999999999996,35.502,5.781250000000019,2,0,True,0.999999999927895,0.9999887133584593,101952,20,48,4,True,0.05260550512184077,0.05706899181765923,0.05190407520963558,0.004463486695818461,0.07821211753800941,0.005164916608023651,0.09950888417071392,0.0007014299122051898,0.01351396608786847,-0.005164916608023651,0.9094969712356924,36,4.0853570992815946e-07,7.158628476099057e-06,0.043453261750223474
0.9,0.05,0.25,33.385999999999996,35.502,5.781250000000019,3,0,True,0.9999999999726326,0.9999399345922492,101952,20,48,4,True,0.01339700744702678,0.014401342143719909,0.010595395434600752,0.0010043346966931294,0.06973896506799517,0.0038059467091191568,0.3592076135913062,0.0028016120124260274,0.264417881306909,-0.0038059467091191568,0.7357227770066666,36,2.0862450917480402e-05,0.0014486462934691147,0.1385544396376989
0.9,0.05,0.5,33.385999999999996,35.502,8.750000000000027,0,0,True,0.9999999990189383,0.9999961046638854,100224,20,48,4,True,0.13486007558301372,0.15875332701211664,0.16580990367322168,0.023893251429102924,0.15050551619166572,0.007056576661105041,0.04255823388578856,0.030949828090207965,0.18665850111826804,0.007056576661105041,1.0444499450431453,36,5.9860273721179524e-05,0.0003770646880150787,0.07505597001417953
0.9,0.05,0.5,33.385999999999996,35.502,8.750000000000027,1,0,True,0.9999999995213397,0.999992421483686,100224,20,48,4,True,0.13813096522702803,0.16277640964454432,0.16041363960581045,0.024645444417516288,0.15140673314600483,0.0023627700387338635,0.014729234026108836,0.022282674378782424,0.1389076043255321,-0.0023627700387338635,0.9854845671808743,36,4.965371380749595e-05,0.0003050424439015765,0.07451005043403597
0.9,0.05,0.5,33.385999999999996,35.502,8.750000000000027,2,0,True,0.9999999999222754,0.9999412763177326,100224,20,48,4,True,0.11679345399655645,0.13794730090861007,0.12328567439813831,0.021153846912053617,0.15334730562120977,0.01466162651047176,0.11892400785450186,0.006492220401581858,0.05265997394487136,-0.01466162651047176,0.8937157420703354,36,8.181237724169677e-06,5.930697933401203e-05,0.06952293968827139
0.9,0.05,0.5,33.385999999999996,35.502,8.750000000000027,3,0,True,0.9999999999728683,0.9997259929404003,100224,20,48,4,True,0.05790416233459883,0.06808227440561176,0.05961947277406243,0.010178112071012935,0.14949723933097617,0.008462801631549333,0.14194693843772282,0.001715310439463602,0.028770976321176915,-0.008462801631549333,0.8756974307125707,36,3.152042524590115e-05,0.00046297550311132145,0.3424626133739544
